sha256	bytes	source_path	archive_path
180f8072d63b29847d8eb072c97fcc3d50d9cf3f75293f6c8d59779fa76f67e5	20235	testdata/profile_runs/README.md	algorithm_analysis/original/profile_runs/VISIPRUNE_METHOD_REFERENCE.md
4df3b2e725f0c458612a11f715a51b68aceaff21037a5c116083ef79d21aa6f2	2049	testdata/profile_runs/patch_trace_20260707_codex/artifacts.txt	algorithm_analysis/original/profile_runs/patch_trace_20260707_codex/artifacts.txt
5f9952f34df432ce2d6ba551fe21d189b5f472f8e5e6c3c3b8e7db6ffb5f24f8	2104	testdata/profile_runs/patch_trace_20260707_codex/bench_results/16-32K/result.json	algorithm_analysis/original/profile_runs/patch_trace_20260707_codex/bench_results/16-32K/result.json
d0bddbceb80ca9342a243b158f72a40012d79b3c58a2c2cd3deee3195fcd60c9	3601	testdata/profile_runs/patch_trace_20260707_codex/bench_results/4-8K/result.json	algorithm_analysis/original/profile_runs/patch_trace_20260707_codex/bench_results/4-8K/result.json
994ef55b707d54206cb4d3320897b583f808271b1e03f057dc431e756de9af01	3829	testdata/profile_runs/patch_trace_20260707_codex/bench_results/8-16K/result.json	algorithm_analysis/original/profile_runs/patch_trace_20260707_codex/bench_results/8-16K/result.json
7598102f205a23c53de7f3b0b7c4dd70295fb286dd0bceaa1736f708fd39efe4	4619	testdata/profile_runs/patch_trace_20260707_codex/contexts/16-32K/bench.log	algorithm_analysis/original/profile_runs/patch_trace_20260707_codex/contexts/16-32K/bench.log
246eabe7510725eabdb793339a5de1c8ddd3bd451d7bb9deb24d25a0e0c5b6b0	250	testdata/profile_runs/patch_trace_20260707_codex/contexts/16-32K/patch_trace/events.34834.jsonl	algorithm_analysis/original/profile_runs/patch_trace_20260707_codex/contexts/16-32K/patch_trace/events.34834.jsonl
907084249a7d0806952387c47c6d5b232b5b28ebbd3b6b5b17dec30746683493	248	testdata/profile_runs/patch_trace_20260707_codex/contexts/16-32K/patch_trace/events.34910.jsonl	algorithm_analysis/original/profile_runs/patch_trace_20260707_codex/contexts/16-32K/patch_trace/events.34910.jsonl
10314be3805fc2feb81ea1d21ab3449e7d56571184e5f222163557bff10ba597	277821	testdata/profile_runs/patch_trace_20260707_codex/contexts/16-32K/patch_trace/events.34911.jsonl	algorithm_analysis/original/profile_runs/patch_trace_20260707_codex/contexts/16-32K/patch_trace/events.34911.jsonl
866dcd785552d388a0157f7d89e4c57ccef1b79b656a6b31194036f2a3bb7dd2	256	testdata/profile_runs/patch_trace_20260707_codex/contexts/16-32K/patch_trace/events.35068.jsonl	algorithm_analysis/original/profile_runs/patch_trace_20260707_codex/contexts/16-32K/patch_trace/events.35068.jsonl
5f9952f34df432ce2d6ba551fe21d189b5f472f8e5e6c3c3b8e7db6ffb5f24f8	2104	testdata/profile_runs/patch_trace_20260707_codex/contexts/16-32K/result.json	algorithm_analysis/original/profile_runs/patch_trace_20260707_codex/contexts/16-32K/result.json
53222e8f4b969e1493a6ddb69b9a5d00b8c949c6d8b18be22d2cf5c63572a5c1	23039	testdata/profile_runs/patch_trace_20260707_codex/contexts/16-32K/vllm_trace_server.log	algorithm_analysis/original/profile_runs/patch_trace_20260707_codex/contexts/16-32K/vllm_trace_server.log
0df0779e0c75fba2440baaf0bd9bc0d8fea86e9ab57fdc4bf5e416dac3b545af	6	testdata/profile_runs/patch_trace_20260707_codex/contexts/16-32K/vllm_trace_server.pid	algorithm_analysis/original/profile_runs/patch_trace_20260707_codex/contexts/16-32K/vllm_trace_server.pid
99a35d683a113ecfad5f703468c7fc859812fecea6d06350cc2a0ecc40aafe33	4615	testdata/profile_runs/patch_trace_20260707_codex/contexts/4-8K/bench.log	algorithm_analysis/original/profile_runs/patch_trace_20260707_codex/contexts/4-8K/bench.log
4709b12aea2f639b1cc285bd066e5297c1871b0f021e56bcd646b70a96697966	248	testdata/profile_runs/patch_trace_20260707_codex/contexts/4-8K/patch_trace/events.31698.jsonl	algorithm_analysis/original/profile_runs/patch_trace_20260707_codex/contexts/4-8K/patch_trace/events.31698.jsonl
628018cb161165da0ec422368df76ff5f266c4510aeac904d2503737217c49ad	246	testdata/profile_runs/patch_trace_20260707_codex/contexts/4-8K/patch_trace/events.31774.jsonl	algorithm_analysis/original/profile_runs/patch_trace_20260707_codex/contexts/4-8K/patch_trace/events.31774.jsonl
65d2d5a41aa7a87853bf7d3e820c5d34b86df89f25f378690d9c2b2ac60845e8	491951	testdata/profile_runs/patch_trace_20260707_codex/contexts/4-8K/patch_trace/events.31775.jsonl	algorithm_analysis/original/profile_runs/patch_trace_20260707_codex/contexts/4-8K/patch_trace/events.31775.jsonl
84ec8bcacfe7cf7dc4d8bb3ceb62f123f32374537a3e9bad51a96b769b2bd7c9	254	testdata/profile_runs/patch_trace_20260707_codex/contexts/4-8K/patch_trace/events.31932.jsonl	algorithm_analysis/original/profile_runs/patch_trace_20260707_codex/contexts/4-8K/patch_trace/events.31932.jsonl
d0bddbceb80ca9342a243b158f72a40012d79b3c58a2c2cd3deee3195fcd60c9	3601	testdata/profile_runs/patch_trace_20260707_codex/contexts/4-8K/result.json	algorithm_analysis/original/profile_runs/patch_trace_20260707_codex/contexts/4-8K/result.json
7c059ad1adc1f1fb025e6ef9fa6922a7aeb5954857132b4ed5ec4753b4645969	23038	testdata/profile_runs/patch_trace_20260707_codex/contexts/4-8K/vllm_trace_server.log	algorithm_analysis/original/profile_runs/patch_trace_20260707_codex/contexts/4-8K/vllm_trace_server.log
7e7207d0a5e897d8133109df6ede054b24f143f30da921bec092701884db5934	6	testdata/profile_runs/patch_trace_20260707_codex/contexts/4-8K/vllm_trace_server.pid	algorithm_analysis/original/profile_runs/patch_trace_20260707_codex/contexts/4-8K/vllm_trace_server.pid
89aadbc57d455d9bd0f749c52309eab9d85ff9581feb7d8c47461e130ab178ac	4617	testdata/profile_runs/patch_trace_20260707_codex/contexts/8-16K/bench.log	algorithm_analysis/original/profile_runs/patch_trace_20260707_codex/contexts/8-16K/bench.log
9ebfa639495e90fd89e7990adf58717fd178eb99d0a5c1b96fa09408277be803	249	testdata/profile_runs/patch_trace_20260707_codex/contexts/8-16K/patch_trace/events.33266.jsonl	algorithm_analysis/original/profile_runs/patch_trace_20260707_codex/contexts/8-16K/patch_trace/events.33266.jsonl
111cafbfee030f67a550f9d74afbace6925348f06b8659a70b8963868d16a0e7	247	testdata/profile_runs/patch_trace_20260707_codex/contexts/8-16K/patch_trace/events.33342.jsonl	algorithm_analysis/original/profile_runs/patch_trace_20260707_codex/contexts/8-16K/patch_trace/events.33342.jsonl
09d54478c3c7715a8157144cbf638547b7f54a2d4c6562b3f077782fa83c1b75	567768	testdata/profile_runs/patch_trace_20260707_codex/contexts/8-16K/patch_trace/events.33343.jsonl	algorithm_analysis/original/profile_runs/patch_trace_20260707_codex/contexts/8-16K/patch_trace/events.33343.jsonl
809f47ae005b2679b3bcbdd079d6817357af0ba32b5e2ac6a1a18a029f6f5284	255	testdata/profile_runs/patch_trace_20260707_codex/contexts/8-16K/patch_trace/events.33500.jsonl	algorithm_analysis/original/profile_runs/patch_trace_20260707_codex/contexts/8-16K/patch_trace/events.33500.jsonl
994ef55b707d54206cb4d3320897b583f808271b1e03f057dc431e756de9af01	3829	testdata/profile_runs/patch_trace_20260707_codex/contexts/8-16K/result.json	algorithm_analysis/original/profile_runs/patch_trace_20260707_codex/contexts/8-16K/result.json
a620c6d28ed6485fc1e6c6f1a1e6658ab0db0545cc089126ffd9fcea0ade499b	23040	testdata/profile_runs/patch_trace_20260707_codex/contexts/8-16K/vllm_trace_server.log	algorithm_analysis/original/profile_runs/patch_trace_20260707_codex/contexts/8-16K/vllm_trace_server.log
e9c9af177708b8a68689300054e4b749099b1b16214023b3f57907024ad180da	6	testdata/profile_runs/patch_trace_20260707_codex/contexts/8-16K/vllm_trace_server.pid	algorithm_analysis/original/profile_runs/patch_trace_20260707_codex/contexts/8-16K/vllm_trace_server.pid
dcc172b193bc8b1f0f35e25ca241bd0baff6f2ccf93436756daf525790f5f48c	7084	testdata/profile_runs/patch_trace_20260707_codex/patch_trace_summary.json	algorithm_analysis/original/profile_runs/patch_trace_20260707_codex/patch_trace_summary.json
5adbaf71d225540c396537b437dff0697c9285008c0f560289489e3bb5bc6dce	4428	testdata/profile_runs/patch_trace_20260707_codex/patch_trace_summary.md	algorithm_analysis/original/profile_runs/patch_trace_20260707_codex/patch_trace_summary.md
8e13a6d9c324141141a8a3be99d1366b8b48468b12c279622069361ebf64db91	93	testdata/profile_runs/patch_trace_20260707_codex/profile_plan.tsv	algorithm_analysis/original/profile_runs/patch_trace_20260707_codex/profile_plan.tsv
44ec77b1baa0889694eb0c457a93ec687d7d6b5710a53124683a6df4ebb7b1c4	11646	testdata/profile_runs/selected_layer_fx_20260707_codex/artifacts.txt	algorithm_analysis/original/profile_runs/selected_layer_fx_20260707_codex/artifacts.txt
39ccec8b5892582abaa340f3ff2a6a77bc0b0144f781d52cd74d990ae4dff309	2078	testdata/profile_runs/selected_layer_fx_20260707_codex/bench_results/16-32K/result.json	algorithm_analysis/original/profile_runs/selected_layer_fx_20260707_codex/bench_results/16-32K/result.json
ce3f0e5cd93602c291625a70aafc69b674ea7ca63bccdee85d4698964b245c60	3531	testdata/profile_runs/selected_layer_fx_20260707_codex/bench_results/4-8K/result.json	algorithm_analysis/original/profile_runs/selected_layer_fx_20260707_codex/bench_results/4-8K/result.json
4c62dfb8b8626d30a659e1673f7f71c4b307a7eef21fa5431a9a710cbdd1370e	3746	testdata/profile_runs/selected_layer_fx_20260707_codex/bench_results/8-16K/result.json	algorithm_analysis/original/profile_runs/selected_layer_fx_20260707_codex/bench_results/8-16K/result.json
d591eedf3099180d4a3bfb04267d3f26d71eb6568d0f098454df352cd4f087f7	4625	testdata/profile_runs/selected_layer_fx_20260707_codex/contexts/16-32K/bench.log	algorithm_analysis/original/profile_runs/selected_layer_fx_20260707_codex/contexts/16-32K/bench.log
1950d83c10f32f2794861c47a60948f0b3373f693cc85fc13de4c49a56eeebfa	466	testdata/profile_runs/selected_layer_fx_20260707_codex/contexts/16-32K/fx_trace/events.51661.jsonl	algorithm_analysis/original/profile_runs/selected_layer_fx_20260707_codex/contexts/16-32K/fx_trace/events.51661.jsonl
facf0c53bb082891ecff08b6749f10933de37c18db6c40c1c871cd5228f6bda4	464	testdata/profile_runs/selected_layer_fx_20260707_codex/contexts/16-32K/fx_trace/events.51737.jsonl	algorithm_analysis/original/profile_runs/selected_layer_fx_20260707_codex/contexts/16-32K/fx_trace/events.51737.jsonl
e7ea2c839097cfa36bccd052b473e32c53988e4eb279ece58b0868cb15b5be82	1544	testdata/profile_runs/selected_layer_fx_20260707_codex/contexts/16-32K/fx_trace/events.51738.jsonl	algorithm_analysis/original/profile_runs/selected_layer_fx_20260707_codex/contexts/16-32K/fx_trace/events.51738.jsonl
2506aedc36cfe45928d508d1396443657d4faa77311609ad6539b4eb8669d442	472	testdata/profile_runs/selected_layer_fx_20260707_codex/contexts/16-32K/fx_trace/events.51895.jsonl	algorithm_analysis/original/profile_runs/selected_layer_fx_20260707_codex/contexts/16-32K/fx_trace/events.51895.jsonl
da4d1c417acb59040de2d1307304627782a86de752bf2dcb0c58b2e1a8e676af	283995	testdata/profile_runs/selected_layer_fx_20260707_codex/contexts/16-32K/fx_trace/fx_layer_events.csv	algorithm_analysis/original/profile_runs/selected_layer_fx_20260707_codex/contexts/16-32K/fx_trace/fx_layer_events.csv
242ba0f2d5fa2606924b8883f94d3e7bcd049b189d57c03447e76b848e05bca0	4297	testdata/profile_runs/selected_layer_fx_20260707_codex/contexts/16-32K/fx_trace/fx_layer_trace_manifest.csv	algorithm_analysis/original/profile_runs/selected_layer_fx_20260707_codex/contexts/16-32K/fx_trace/fx_layer_trace_manifest.csv
62b6ddf150bcf14a465d3542aa4ff2b5a20b36e426d6d80cd1479b4b458bb293	2329	testdata/profile_runs/selected_layer_fx_20260707_codex/contexts/16-32K/fx_trace/run_metadata.json	algorithm_analysis/original/profile_runs/selected_layer_fx_20260707_codex/contexts/16-32K/fx_trace/run_metadata.json
f030c65b6506cae62495acfa08e749e92ccbd534de2a2f2cdc6f60630749ecfa	11751	testdata/profile_runs/selected_layer_fx_20260707_codex/contexts/16-32K/fx_trace/traces/input1_layer3/fx_graph.py	algorithm_analysis/original/profile_runs/selected_layer_fx_20260707_codex/contexts/16-32K/fx_trace/traces/input1_layer3/fx_graph.py
1a1f96e2b4794beb8086b7701b82b031bf9f44666d1d53141349e1d74e6ac93f	18731	testdata/profile_runs/selected_layer_fx_20260707_codex/contexts/16-32K/fx_trace/traces/input1_layer3/fx_graph.txt	algorithm_analysis/original/profile_runs/selected_layer_fx_20260707_codex/contexts/16-32K/fx_trace/traces/input1_layer3/fx_graph.txt
26803be1e5155cef6e994a283db9eccc5b285bbc9168c06ed906f3f95d1c1c65	15453	testdata/profile_runs/selected_layer_fx_20260707_codex/contexts/16-32K/fx_trace/traces/input1_layer3/fx_graph_module.pt	algorithm_analysis/original/profile_runs/selected_layer_fx_20260707_codex/contexts/16-32K/fx_trace/traces/input1_layer3/fx_graph_module.pt
bb7014e5feb50d031f3b1a59edfe8700a2379034d405d8f1be47d958a7972496	21	testdata/profile_runs/selected_layer_fx_20260707_codex/contexts/16-32K/fx_trace/traces/input1_layer3/fx_graph_module/__init__.py	algorithm_analysis/original/profile_runs/selected_layer_fx_20260707_codex/contexts/16-32K/fx_trace/traces/input1_layer3/fx_graph_module/__init__.py
0ede54b9c7c689d4ee83b6e551e263e284ff3243b1af7449c1cd7f94b7fd6b13	13727	testdata/profile_runs/selected_layer_fx_20260707_codex/contexts/16-32K/fx_trace/traces/input1_layer3/fx_graph_module/module.py	algorithm_analysis/original/profile_runs/selected_layer_fx_20260707_codex/contexts/16-32K/fx_trace/traces/input1_layer3/fx_graph_module/module.py
983ad62fb4bc963c2ecee8ba19d637bdbcec0142ce2c86a6320ac62e3935ad83	1855	testdata/profile_runs/selected_layer_fx_20260707_codex/contexts/16-32K/fx_trace/traces/input1_layer3/fx_graph_module/state_dict.pt	algorithm_analysis/original/profile_runs/selected_layer_fx_20260707_codex/contexts/16-32K/fx_trace/traces/input1_layer3/fx_graph_module/state_dict.pt
2912c5f4e46f4a9a7625c48bcab94eb29fd41ab5a25f419f86b9f7187bddab52	97100	testdata/profile_runs/selected_layer_fx_20260707_codex/contexts/16-32K/fx_trace/traces/input1_layer3/fx_nodes.json	algorithm_analysis/original/profile_runs/selected_layer_fx_20260707_codex/contexts/16-32K/fx_trace/traces/input1_layer3/fx_nodes.json
05a296d21270f5a978b8a5425b3bb61205d3565193d3d3b491964d4d20be4e8f	26430	testdata/profile_runs/selected_layer_fx_20260707_codex/contexts/16-32K/fx_trace/traces/input1_layer3/fx_process_nodes.csv	algorithm_analysis/original/profile_runs/selected_layer_fx_20260707_codex/contexts/16-32K/fx_trace/traces/input1_layer3/fx_process_nodes.csv
bbac46fe340103d0fb39894ecdf204ebcbe423fd4eceba1071c88ca540a81b68	81374	testdata/profile_runs/selected_layer_fx_20260707_codex/contexts/16-32K/fx_trace/traces/input1_layer3/fx_process_reconstruction.json	algorithm_analysis/original/profile_runs/selected_layer_fx_20260707_codex/contexts/16-32K/fx_trace/traces/input1_layer3/fx_process_reconstruction.json
ee87445fffbdafe2d621089891e7e1ce7b06fdbe8343bb910da20a5485f26292	29223	testdata/profile_runs/selected_layer_fx_20260707_codex/contexts/16-32K/fx_trace/traces/input1_layer3/fx_process_reconstruction.md	algorithm_analysis/original/profile_runs/selected_layer_fx_20260707_codex/contexts/16-32K/fx_trace/traces/input1_layer3/fx_process_reconstruction.md
642a42309c21f295734c2a32bd404c9d3dae7961d0fafd5f80646d11ab98d884	2882	testdata/profile_runs/selected_layer_fx_20260707_codex/contexts/16-32K/fx_trace/traces/input1_layer3/fx_trace_metadata.json	algorithm_analysis/original/profile_runs/selected_layer_fx_20260707_codex/contexts/16-32K/fx_trace/traces/input1_layer3/fx_trace_metadata.json
f03cfe942d8b7807feeda6de499b6aca0b04903bc1b51b864e7b905f8da9e952	11753	testdata/profile_runs/selected_layer_fx_20260707_codex/contexts/16-32K/fx_trace/traces/input2_layer31/fx_graph.py	algorithm_analysis/original/profile_runs/selected_layer_fx_20260707_codex/contexts/16-32K/fx_trace/traces/input2_layer31/fx_graph.py
d492607cf40fd4e18f021b53b0d9c9eb22bbd219ff4b2d1ee2ca9efd1362e4b5	18733	testdata/profile_runs/selected_layer_fx_20260707_codex/contexts/16-32K/fx_trace/traces/input2_layer31/fx_graph.txt	algorithm_analysis/original/profile_runs/selected_layer_fx_20260707_codex/contexts/16-32K/fx_trace/traces/input2_layer31/fx_graph.txt
275da1589c5188374bee9a84baf02ae42c131cd1ece0019f55cc0b957f56b0a5	15453	testdata/profile_runs/selected_layer_fx_20260707_codex/contexts/16-32K/fx_trace/traces/input2_layer31/fx_graph_module.pt	algorithm_analysis/original/profile_runs/selected_layer_fx_20260707_codex/contexts/16-32K/fx_trace/traces/input2_layer31/fx_graph_module.pt
bb7014e5feb50d031f3b1a59edfe8700a2379034d405d8f1be47d958a7972496	21	testdata/profile_runs/selected_layer_fx_20260707_codex/contexts/16-32K/fx_trace/traces/input2_layer31/fx_graph_module/__init__.py	algorithm_analysis/original/profile_runs/selected_layer_fx_20260707_codex/contexts/16-32K/fx_trace/traces/input2_layer31/fx_graph_module/__init__.py
1f9cb24397df5d2222b5fd057fc5557915a3e48777721b6116eb9b17d989e6b0	13730	testdata/profile_runs/selected_layer_fx_20260707_codex/contexts/16-32K/fx_trace/traces/input2_layer31/fx_graph_module/module.py	algorithm_analysis/original/profile_runs/selected_layer_fx_20260707_codex/contexts/16-32K/fx_trace/traces/input2_layer31/fx_graph_module/module.py
983ad62fb4bc963c2ecee8ba19d637bdbcec0142ce2c86a6320ac62e3935ad83	1855	testdata/profile_runs/selected_layer_fx_20260707_codex/contexts/16-32K/fx_trace/traces/input2_layer31/fx_graph_module/state_dict.pt	algorithm_analysis/original/profile_runs/selected_layer_fx_20260707_codex/contexts/16-32K/fx_trace/traces/input2_layer31/fx_graph_module/state_dict.pt
7fc479b00e28eb7057d0f18776822e7c2f73e8e0085138e6553b993eba6f9955	97102	testdata/profile_runs/selected_layer_fx_20260707_codex/contexts/16-32K/fx_trace/traces/input2_layer31/fx_nodes.json	algorithm_analysis/original/profile_runs/selected_layer_fx_20260707_codex/contexts/16-32K/fx_trace/traces/input2_layer31/fx_nodes.json
c118da5ae42dbfae0eccaa5e04ba807c6807d26653bb8516f4fd3ac780959f0f	26432	testdata/profile_runs/selected_layer_fx_20260707_codex/contexts/16-32K/fx_trace/traces/input2_layer31/fx_process_nodes.csv	algorithm_analysis/original/profile_runs/selected_layer_fx_20260707_codex/contexts/16-32K/fx_trace/traces/input2_layer31/fx_process_nodes.csv
28b13a413adc8e5b9b68ab72d7c5e4eeda51be12eb5375149c21dd3e1a8a8ea4	81382	testdata/profile_runs/selected_layer_fx_20260707_codex/contexts/16-32K/fx_trace/traces/input2_layer31/fx_process_reconstruction.json	algorithm_analysis/original/profile_runs/selected_layer_fx_20260707_codex/contexts/16-32K/fx_trace/traces/input2_layer31/fx_process_reconstruction.json
66df95fbce19614badf0488d026ed95c42a2fbfd93bc29e7d2365283f9f95bd1	29225	testdata/profile_runs/selected_layer_fx_20260707_codex/contexts/16-32K/fx_trace/traces/input2_layer31/fx_process_reconstruction.md	algorithm_analysis/original/profile_runs/selected_layer_fx_20260707_codex/contexts/16-32K/fx_trace/traces/input2_layer31/fx_process_reconstruction.md
6504d16c8e0bbcaf2d82af2bc777bba4e73031654bab1c0e2f0cb36eb9163cc5	2891	testdata/profile_runs/selected_layer_fx_20260707_codex/contexts/16-32K/fx_trace/traces/input2_layer31/fx_trace_metadata.json	algorithm_analysis/original/profile_runs/selected_layer_fx_20260707_codex/contexts/16-32K/fx_trace/traces/input2_layer31/fx_trace_metadata.json
8155297df1653aaff2e8a8900eb7c401094a4339e6acad14e7addaac6198b3a4	11753	testdata/profile_runs/selected_layer_fx_20260707_codex/contexts/16-32K/fx_trace/traces/input4_layer59/fx_graph.py	algorithm_analysis/original/profile_runs/selected_layer_fx_20260707_codex/contexts/16-32K/fx_trace/traces/input4_layer59/fx_graph.py
e26ee2f3814ecd8328bf2eccb3b7ea039a2dd089896c22f6de9288a01740dca0	18733	testdata/profile_runs/selected_layer_fx_20260707_codex/contexts/16-32K/fx_trace/traces/input4_layer59/fx_graph.txt	algorithm_analysis/original/profile_runs/selected_layer_fx_20260707_codex/contexts/16-32K/fx_trace/traces/input4_layer59/fx_graph.txt
55ab216d7e94fff2d0cf8e3040c0792cf13ee212159e22f8cb51d91068451108	15453	testdata/profile_runs/selected_layer_fx_20260707_codex/contexts/16-32K/fx_trace/traces/input4_layer59/fx_graph_module.pt	algorithm_analysis/original/profile_runs/selected_layer_fx_20260707_codex/contexts/16-32K/fx_trace/traces/input4_layer59/fx_graph_module.pt
bb7014e5feb50d031f3b1a59edfe8700a2379034d405d8f1be47d958a7972496	21	testdata/profile_runs/selected_layer_fx_20260707_codex/contexts/16-32K/fx_trace/traces/input4_layer59/fx_graph_module/__init__.py	algorithm_analysis/original/profile_runs/selected_layer_fx_20260707_codex/contexts/16-32K/fx_trace/traces/input4_layer59/fx_graph_module/__init__.py
f39efdfb2f96e4989ab947da83f55315ca75497798d3897500abecfcb5a5d2c7	13730	testdata/profile_runs/selected_layer_fx_20260707_codex/contexts/16-32K/fx_trace/traces/input4_layer59/fx_graph_module/module.py	algorithm_analysis/original/profile_runs/selected_layer_fx_20260707_codex/contexts/16-32K/fx_trace/traces/input4_layer59/fx_graph_module/module.py
983ad62fb4bc963c2ecee8ba19d637bdbcec0142ce2c86a6320ac62e3935ad83	1855	testdata/profile_runs/selected_layer_fx_20260707_codex/contexts/16-32K/fx_trace/traces/input4_layer59/fx_graph_module/state_dict.pt	algorithm_analysis/original/profile_runs/selected_layer_fx_20260707_codex/contexts/16-32K/fx_trace/traces/input4_layer59/fx_graph_module/state_dict.pt
cbb63ba19b39025b2b386080f5b55ce5a4014fe2632ada3b18183a5a5a25973c	97102	testdata/profile_runs/selected_layer_fx_20260707_codex/contexts/16-32K/fx_trace/traces/input4_layer59/fx_nodes.json	algorithm_analysis/original/profile_runs/selected_layer_fx_20260707_codex/contexts/16-32K/fx_trace/traces/input4_layer59/fx_nodes.json
8ee633d3bd2b6aac9bb452c53594160ed270e994e047f56ee6468aaaccb3f464	26432	testdata/profile_runs/selected_layer_fx_20260707_codex/contexts/16-32K/fx_trace/traces/input4_layer59/fx_process_nodes.csv	algorithm_analysis/original/profile_runs/selected_layer_fx_20260707_codex/contexts/16-32K/fx_trace/traces/input4_layer59/fx_process_nodes.csv
994d1e9011caa4e9f21d9aa4e2102c134a4039375cdda011193c18d48a6dc255	81382	testdata/profile_runs/selected_layer_fx_20260707_codex/contexts/16-32K/fx_trace/traces/input4_layer59/fx_process_reconstruction.json	algorithm_analysis/original/profile_runs/selected_layer_fx_20260707_codex/contexts/16-32K/fx_trace/traces/input4_layer59/fx_process_reconstruction.json
b3d0bbe1474db653dd71abf4a12215e8da4cb2e94711419c92ad09d8ee94a655	29225	testdata/profile_runs/selected_layer_fx_20260707_codex/contexts/16-32K/fx_trace/traces/input4_layer59/fx_process_reconstruction.md	algorithm_analysis/original/profile_runs/selected_layer_fx_20260707_codex/contexts/16-32K/fx_trace/traces/input4_layer59/fx_process_reconstruction.md
bdc1cd13657bfeb40ecbd949b7272a9312e5d5f46d741ae58eefdedcee7d5872	2891	testdata/profile_runs/selected_layer_fx_20260707_codex/contexts/16-32K/fx_trace/traces/input4_layer59/fx_trace_metadata.json	algorithm_analysis/original/profile_runs/selected_layer_fx_20260707_codex/contexts/16-32K/fx_trace/traces/input4_layer59/fx_trace_metadata.json
39ccec8b5892582abaa340f3ff2a6a77bc0b0144f781d52cd74d990ae4dff309	2078	testdata/profile_runs/selected_layer_fx_20260707_codex/contexts/16-32K/result.json	algorithm_analysis/original/profile_runs/selected_layer_fx_20260707_codex/contexts/16-32K/result.json
e75c9178b8f559ec0bff2de30ff4ae1dec78b6900cab04e07f9a5f7c18d07849	18394	testdata/profile_runs/selected_layer_fx_20260707_codex/contexts/16-32K/vllm_fx_server.log	algorithm_analysis/original/profile_runs/selected_layer_fx_20260707_codex/contexts/16-32K/vllm_fx_server.log
0be0e123967751aa819c158f6fe78a951d835f1d09472d1ee76da20527c25daa	6	testdata/profile_runs/selected_layer_fx_20260707_codex/contexts/16-32K/vllm_fx_server.pid	algorithm_analysis/original/profile_runs/selected_layer_fx_20260707_codex/contexts/16-32K/vllm_fx_server.pid
5cb038d92ca87d0ca0dc07b40a4e83e3d7c85d92203ee9f4f1981b4d1d05588b	4621	testdata/profile_runs/selected_layer_fx_20260707_codex/contexts/4-8K/bench.log	algorithm_analysis/original/profile_runs/selected_layer_fx_20260707_codex/contexts/4-8K/bench.log
37349700f1559caf814acf3883707daabf34991e6eb0ac04d3dbdfe3e3bec22d	464	testdata/profile_runs/selected_layer_fx_20260707_codex/contexts/4-8K/fx_trace/events.48423.jsonl	algorithm_analysis/original/profile_runs/selected_layer_fx_20260707_codex/contexts/4-8K/fx_trace/events.48423.jsonl
6a2dd62fd939406b3b09c8a0e8a17891be18700d51e1c3c41c51860713924683	462	testdata/profile_runs/selected_layer_fx_20260707_codex/contexts/4-8K/fx_trace/events.48499.jsonl	algorithm_analysis/original/profile_runs/selected_layer_fx_20260707_codex/contexts/4-8K/fx_trace/events.48499.jsonl
b63e7c4381f5dec00995250d1950c605e365c4d07dc9d5343ba14a75da1d3aa3	1530	testdata/profile_runs/selected_layer_fx_20260707_codex/contexts/4-8K/fx_trace/events.48500.jsonl	algorithm_analysis/original/profile_runs/selected_layer_fx_20260707_codex/contexts/4-8K/fx_trace/events.48500.jsonl
e1a34500656ececa93746f5f719a13b57284a216b70590d45b02b1b0e2742289	470	testdata/profile_runs/selected_layer_fx_20260707_codex/contexts/4-8K/fx_trace/events.48657.jsonl	algorithm_analysis/original/profile_runs/selected_layer_fx_20260707_codex/contexts/4-8K/fx_trace/events.48657.jsonl
59bddd7e328271eef99991c744b0e6e56f00e480603830364052a19768f855e6	843920	testdata/profile_runs/selected_layer_fx_20260707_codex/contexts/4-8K/fx_trace/fx_layer_events.csv	algorithm_analysis/original/profile_runs/selected_layer_fx_20260707_codex/contexts/4-8K/fx_trace/fx_layer_events.csv
1e3606b5a6a597607dbfeb117c399b5d2e90b7e047d569e70e851c60fe93cbe5	4285	testdata/profile_runs/selected_layer_fx_20260707_codex/contexts/4-8K/fx_trace/fx_layer_trace_manifest.csv	algorithm_analysis/original/profile_runs/selected_layer_fx_20260707_codex/contexts/4-8K/fx_trace/fx_layer_trace_manifest.csv
e88cbc91b389598f6710aeef513799a63ad203651413e30b69fc1b42817cdfee	2321	testdata/profile_runs/selected_layer_fx_20260707_codex/contexts/4-8K/fx_trace/run_metadata.json	algorithm_analysis/original/profile_runs/selected_layer_fx_20260707_codex/contexts/4-8K/fx_trace/run_metadata.json
f030c65b6506cae62495acfa08e749e92ccbd534de2a2f2cdc6f60630749ecfa	11751	testdata/profile_runs/selected_layer_fx_20260707_codex/contexts/4-8K/fx_trace/traces/input1_layer3/fx_graph.py	algorithm_analysis/original/profile_runs/selected_layer_fx_20260707_codex/contexts/4-8K/fx_trace/traces/input1_layer3/fx_graph.py
1a1f96e2b4794beb8086b7701b82b031bf9f44666d1d53141349e1d74e6ac93f	18731	testdata/profile_runs/selected_layer_fx_20260707_codex/contexts/4-8K/fx_trace/traces/input1_layer3/fx_graph.txt	algorithm_analysis/original/profile_runs/selected_layer_fx_20260707_codex/contexts/4-8K/fx_trace/traces/input1_layer3/fx_graph.txt
26803be1e5155cef6e994a283db9eccc5b285bbc9168c06ed906f3f95d1c1c65	15453	testdata/profile_runs/selected_layer_fx_20260707_codex/contexts/4-8K/fx_trace/traces/input1_layer3/fx_graph_module.pt	algorithm_analysis/original/profile_runs/selected_layer_fx_20260707_codex/contexts/4-8K/fx_trace/traces/input1_layer3/fx_graph_module.pt
bb7014e5feb50d031f3b1a59edfe8700a2379034d405d8f1be47d958a7972496	21	testdata/profile_runs/selected_layer_fx_20260707_codex/contexts/4-8K/fx_trace/traces/input1_layer3/fx_graph_module/__init__.py	algorithm_analysis/original/profile_runs/selected_layer_fx_20260707_codex/contexts/4-8K/fx_trace/traces/input1_layer3/fx_graph_module/__init__.py
fd67d7f84a645dd4fb972df9735c07665eb9f5a441c73a5cdf8833fedbd14235	13725	testdata/profile_runs/selected_layer_fx_20260707_codex/contexts/4-8K/fx_trace/traces/input1_layer3/fx_graph_module/module.py	algorithm_analysis/original/profile_runs/selected_layer_fx_20260707_codex/contexts/4-8K/fx_trace/traces/input1_layer3/fx_graph_module/module.py
983ad62fb4bc963c2ecee8ba19d637bdbcec0142ce2c86a6320ac62e3935ad83	1855	testdata/profile_runs/selected_layer_fx_20260707_codex/contexts/4-8K/fx_trace/traces/input1_layer3/fx_graph_module/state_dict.pt	algorithm_analysis/original/profile_runs/selected_layer_fx_20260707_codex/contexts/4-8K/fx_trace/traces/input1_layer3/fx_graph_module/state_dict.pt
2912c5f4e46f4a9a7625c48bcab94eb29fd41ab5a25f419f86b9f7187bddab52	97100	testdata/profile_runs/selected_layer_fx_20260707_codex/contexts/4-8K/fx_trace/traces/input1_layer3/fx_nodes.json	algorithm_analysis/original/profile_runs/selected_layer_fx_20260707_codex/contexts/4-8K/fx_trace/traces/input1_layer3/fx_nodes.json
05a296d21270f5a978b8a5425b3bb61205d3565193d3d3b491964d4d20be4e8f	26430	testdata/profile_runs/selected_layer_fx_20260707_codex/contexts/4-8K/fx_trace/traces/input1_layer3/fx_process_nodes.csv	algorithm_analysis/original/profile_runs/selected_layer_fx_20260707_codex/contexts/4-8K/fx_trace/traces/input1_layer3/fx_process_nodes.csv
e104e5c1d71c8131117e496f929ffb370c9652c6a09c5df07607e14f0ca776d2	81366	testdata/profile_runs/selected_layer_fx_20260707_codex/contexts/4-8K/fx_trace/traces/input1_layer3/fx_process_reconstruction.json	algorithm_analysis/original/profile_runs/selected_layer_fx_20260707_codex/contexts/4-8K/fx_trace/traces/input1_layer3/fx_process_reconstruction.json
fbc3617f74e3cb721baa39c3803f06edc5f6f773f50ec99893098c7b8809a571	29221	testdata/profile_runs/selected_layer_fx_20260707_codex/contexts/4-8K/fx_trace/traces/input1_layer3/fx_process_reconstruction.md	algorithm_analysis/original/profile_runs/selected_layer_fx_20260707_codex/contexts/4-8K/fx_trace/traces/input1_layer3/fx_process_reconstruction.md
d1944dd816766ef8a2a017f9e42e0018b88a678b967b9ce408fd94a73e68fe3b	2870	testdata/profile_runs/selected_layer_fx_20260707_codex/contexts/4-8K/fx_trace/traces/input1_layer3/fx_trace_metadata.json	algorithm_analysis/original/profile_runs/selected_layer_fx_20260707_codex/contexts/4-8K/fx_trace/traces/input1_layer3/fx_trace_metadata.json
f03cfe942d8b7807feeda6de499b6aca0b04903bc1b51b864e7b905f8da9e952	11753	testdata/profile_runs/selected_layer_fx_20260707_codex/contexts/4-8K/fx_trace/traces/input1_layer31/fx_graph.py	algorithm_analysis/original/profile_runs/selected_layer_fx_20260707_codex/contexts/4-8K/fx_trace/traces/input1_layer31/fx_graph.py
d492607cf40fd4e18f021b53b0d9c9eb22bbd219ff4b2d1ee2ca9efd1362e4b5	18733	testdata/profile_runs/selected_layer_fx_20260707_codex/contexts/4-8K/fx_trace/traces/input1_layer31/fx_graph.txt	algorithm_analysis/original/profile_runs/selected_layer_fx_20260707_codex/contexts/4-8K/fx_trace/traces/input1_layer31/fx_graph.txt
275da1589c5188374bee9a84baf02ae42c131cd1ece0019f55cc0b957f56b0a5	15453	testdata/profile_runs/selected_layer_fx_20260707_codex/contexts/4-8K/fx_trace/traces/input1_layer31/fx_graph_module.pt	algorithm_analysis/original/profile_runs/selected_layer_fx_20260707_codex/contexts/4-8K/fx_trace/traces/input1_layer31/fx_graph_module.pt
bb7014e5feb50d031f3b1a59edfe8700a2379034d405d8f1be47d958a7972496	21	testdata/profile_runs/selected_layer_fx_20260707_codex/contexts/4-8K/fx_trace/traces/input1_layer31/fx_graph_module/__init__.py	algorithm_analysis/original/profile_runs/selected_layer_fx_20260707_codex/contexts/4-8K/fx_trace/traces/input1_layer31/fx_graph_module/__init__.py
9836deb2d0b0ce0352d3f823b00795bb6babf27f5dd7d7205532f612bd575cfd	13728	testdata/profile_runs/selected_layer_fx_20260707_codex/contexts/4-8K/fx_trace/traces/input1_layer31/fx_graph_module/module.py	algorithm_analysis/original/profile_runs/selected_layer_fx_20260707_codex/contexts/4-8K/fx_trace/traces/input1_layer31/fx_graph_module/module.py
983ad62fb4bc963c2ecee8ba19d637bdbcec0142ce2c86a6320ac62e3935ad83	1855	testdata/profile_runs/selected_layer_fx_20260707_codex/contexts/4-8K/fx_trace/traces/input1_layer31/fx_graph_module/state_dict.pt	algorithm_analysis/original/profile_runs/selected_layer_fx_20260707_codex/contexts/4-8K/fx_trace/traces/input1_layer31/fx_graph_module/state_dict.pt
7fc479b00e28eb7057d0f18776822e7c2f73e8e0085138e6553b993eba6f9955	97102	testdata/profile_runs/selected_layer_fx_20260707_codex/contexts/4-8K/fx_trace/traces/input1_layer31/fx_nodes.json	algorithm_analysis/original/profile_runs/selected_layer_fx_20260707_codex/contexts/4-8K/fx_trace/traces/input1_layer31/fx_nodes.json
c118da5ae42dbfae0eccaa5e04ba807c6807d26653bb8516f4fd3ac780959f0f	26432	testdata/profile_runs/selected_layer_fx_20260707_codex/contexts/4-8K/fx_trace/traces/input1_layer31/fx_process_nodes.csv	algorithm_analysis/original/profile_runs/selected_layer_fx_20260707_codex/contexts/4-8K/fx_trace/traces/input1_layer31/fx_process_nodes.csv
f5dd84c04fc24f8c629e1f0f3d8f54b07bda3946546be35c27409aa266f16c85	81374	testdata/profile_runs/selected_layer_fx_20260707_codex/contexts/4-8K/fx_trace/traces/input1_layer31/fx_process_reconstruction.json	algorithm_analysis/original/profile_runs/selected_layer_fx_20260707_codex/contexts/4-8K/fx_trace/traces/input1_layer31/fx_process_reconstruction.json
93dc3d3e99787eecd875f431580392b34fa7dccce17489c2e84d56750178a71c	29223	testdata/profile_runs/selected_layer_fx_20260707_codex/contexts/4-8K/fx_trace/traces/input1_layer31/fx_process_reconstruction.md	algorithm_analysis/original/profile_runs/selected_layer_fx_20260707_codex/contexts/4-8K/fx_trace/traces/input1_layer31/fx_process_reconstruction.md
ff1fe4de1a7240a890f7ceed7818d12e891a78044ec0cab0ae272657c49d7b03	2879	testdata/profile_runs/selected_layer_fx_20260707_codex/contexts/4-8K/fx_trace/traces/input1_layer31/fx_trace_metadata.json	algorithm_analysis/original/profile_runs/selected_layer_fx_20260707_codex/contexts/4-8K/fx_trace/traces/input1_layer31/fx_trace_metadata.json
8155297df1653aaff2e8a8900eb7c401094a4339e6acad14e7addaac6198b3a4	11753	testdata/profile_runs/selected_layer_fx_20260707_codex/contexts/4-8K/fx_trace/traces/input1_layer59/fx_graph.py	algorithm_analysis/original/profile_runs/selected_layer_fx_20260707_codex/contexts/4-8K/fx_trace/traces/input1_layer59/fx_graph.py
e26ee2f3814ecd8328bf2eccb3b7ea039a2dd089896c22f6de9288a01740dca0	18733	testdata/profile_runs/selected_layer_fx_20260707_codex/contexts/4-8K/fx_trace/traces/input1_layer59/fx_graph.txt	algorithm_analysis/original/profile_runs/selected_layer_fx_20260707_codex/contexts/4-8K/fx_trace/traces/input1_layer59/fx_graph.txt
55ab216d7e94fff2d0cf8e3040c0792cf13ee212159e22f8cb51d91068451108	15453	testdata/profile_runs/selected_layer_fx_20260707_codex/contexts/4-8K/fx_trace/traces/input1_layer59/fx_graph_module.pt	algorithm_analysis/original/profile_runs/selected_layer_fx_20260707_codex/contexts/4-8K/fx_trace/traces/input1_layer59/fx_graph_module.pt
bb7014e5feb50d031f3b1a59edfe8700a2379034d405d8f1be47d958a7972496	21	testdata/profile_runs/selected_layer_fx_20260707_codex/contexts/4-8K/fx_trace/traces/input1_layer59/fx_graph_module/__init__.py	algorithm_analysis/original/profile_runs/selected_layer_fx_20260707_codex/contexts/4-8K/fx_trace/traces/input1_layer59/fx_graph_module/__init__.py
bea64922abbd9a5d5ab4e840681fab4e2b0c46d4809ae7ff539367c4bec7c290	13728	testdata/profile_runs/selected_layer_fx_20260707_codex/contexts/4-8K/fx_trace/traces/input1_layer59/fx_graph_module/module.py	algorithm_analysis/original/profile_runs/selected_layer_fx_20260707_codex/contexts/4-8K/fx_trace/traces/input1_layer59/fx_graph_module/module.py
983ad62fb4bc963c2ecee8ba19d637bdbcec0142ce2c86a6320ac62e3935ad83	1855	testdata/profile_runs/selected_layer_fx_20260707_codex/contexts/4-8K/fx_trace/traces/input1_layer59/fx_graph_module/state_dict.pt	algorithm_analysis/original/profile_runs/selected_layer_fx_20260707_codex/contexts/4-8K/fx_trace/traces/input1_layer59/fx_graph_module/state_dict.pt
cbb63ba19b39025b2b386080f5b55ce5a4014fe2632ada3b18183a5a5a25973c	97102	testdata/profile_runs/selected_layer_fx_20260707_codex/contexts/4-8K/fx_trace/traces/input1_layer59/fx_nodes.json	algorithm_analysis/original/profile_runs/selected_layer_fx_20260707_codex/contexts/4-8K/fx_trace/traces/input1_layer59/fx_nodes.json
8ee633d3bd2b6aac9bb452c53594160ed270e994e047f56ee6468aaaccb3f464	26432	testdata/profile_runs/selected_layer_fx_20260707_codex/contexts/4-8K/fx_trace/traces/input1_layer59/fx_process_nodes.csv	algorithm_analysis/original/profile_runs/selected_layer_fx_20260707_codex/contexts/4-8K/fx_trace/traces/input1_layer59/fx_process_nodes.csv
f69e4ad9d44c2fed7f69b52874a861f518da5c4980d4e049f0ce45a31bb0d9fa	81374	testdata/profile_runs/selected_layer_fx_20260707_codex/contexts/4-8K/fx_trace/traces/input1_layer59/fx_process_reconstruction.json	algorithm_analysis/original/profile_runs/selected_layer_fx_20260707_codex/contexts/4-8K/fx_trace/traces/input1_layer59/fx_process_reconstruction.json
f03499e44bb36adc493d36cd20a52a09f3b14c1dc4154910fc37d05f655180c5	29223	testdata/profile_runs/selected_layer_fx_20260707_codex/contexts/4-8K/fx_trace/traces/input1_layer59/fx_process_reconstruction.md	algorithm_analysis/original/profile_runs/selected_layer_fx_20260707_codex/contexts/4-8K/fx_trace/traces/input1_layer59/fx_process_reconstruction.md
2b7cc696068614b99538b23d69f1c1fa8a8fcce000fc591a20467588555b5f10	2879	testdata/profile_runs/selected_layer_fx_20260707_codex/contexts/4-8K/fx_trace/traces/input1_layer59/fx_trace_metadata.json	algorithm_analysis/original/profile_runs/selected_layer_fx_20260707_codex/contexts/4-8K/fx_trace/traces/input1_layer59/fx_trace_metadata.json
ce3f0e5cd93602c291625a70aafc69b674ea7ca63bccdee85d4698964b245c60	3531	testdata/profile_runs/selected_layer_fx_20260707_codex/contexts/4-8K/result.json	algorithm_analysis/original/profile_runs/selected_layer_fx_20260707_codex/contexts/4-8K/result.json
2e6714ae3e67c83ed5b2521c7e7136407d3cb6091a340382b54d530ba173231f	19103	testdata/profile_runs/selected_layer_fx_20260707_codex/contexts/4-8K/vllm_fx_server.log	algorithm_analysis/original/profile_runs/selected_layer_fx_20260707_codex/contexts/4-8K/vllm_fx_server.log
a2f0a286ed8c7f4fbc739101f97348c8121143a76186af34041fbb4fefcedd47	6	testdata/profile_runs/selected_layer_fx_20260707_codex/contexts/4-8K/vllm_fx_server.pid	algorithm_analysis/original/profile_runs/selected_layer_fx_20260707_codex/contexts/4-8K/vllm_fx_server.pid
d52697bfef1b0676b3c487de9fd61e5af3a4c5aa2322a571d39c1d45541b9dd4	4623	testdata/profile_runs/selected_layer_fx_20260707_codex/contexts/8-16K/bench.log	algorithm_analysis/original/profile_runs/selected_layer_fx_20260707_codex/contexts/8-16K/bench.log
1fac6264d2af10bcbd02826eb3853acfae844a8b1d4fe50d7e20aa6d46237856	465	testdata/profile_runs/selected_layer_fx_20260707_codex/contexts/8-16K/fx_trace/events.50121.jsonl	algorithm_analysis/original/profile_runs/selected_layer_fx_20260707_codex/contexts/8-16K/fx_trace/events.50121.jsonl
0bdb6a0d1db06f617371684bbc0ba3ca541c4ae26d413d4278a0b3677cb77477	463	testdata/profile_runs/selected_layer_fx_20260707_codex/contexts/8-16K/fx_trace/events.50197.jsonl	algorithm_analysis/original/profile_runs/selected_layer_fx_20260707_codex/contexts/8-16K/fx_trace/events.50197.jsonl
3b6995964c353dfc28d2b25c253b2401e75f4c4f225e63b21cff3bf7cca4d557	1537	testdata/profile_runs/selected_layer_fx_20260707_codex/contexts/8-16K/fx_trace/events.50198.jsonl	algorithm_analysis/original/profile_runs/selected_layer_fx_20260707_codex/contexts/8-16K/fx_trace/events.50198.jsonl
0442de6c305cadbf0ae76e1e47851f011b1c38e9f2eacf8fc252484abcc44cee	471	testdata/profile_runs/selected_layer_fx_20260707_codex/contexts/8-16K/fx_trace/events.50358.jsonl	algorithm_analysis/original/profile_runs/selected_layer_fx_20260707_codex/contexts/8-16K/fx_trace/events.50358.jsonl
5c1a726854e19a95ad07792ade7902ddcb32fc28de9fd547b2c85cc35d1a754b	909743	testdata/profile_runs/selected_layer_fx_20260707_codex/contexts/8-16K/fx_trace/fx_layer_events.csv	algorithm_analysis/original/profile_runs/selected_layer_fx_20260707_codex/contexts/8-16K/fx_trace/fx_layer_events.csv
47db3cdc0e042bbd9dd4edf0fd590246271e6070eafa1e6ad170edb369579c9b	4291	testdata/profile_runs/selected_layer_fx_20260707_codex/contexts/8-16K/fx_trace/fx_layer_trace_manifest.csv	algorithm_analysis/original/profile_runs/selected_layer_fx_20260707_codex/contexts/8-16K/fx_trace/fx_layer_trace_manifest.csv
7becaa975cdf5f3b87cb9b874af49c658ace3cb0d30575e8ae522598f45b4ff7	2325	testdata/profile_runs/selected_layer_fx_20260707_codex/contexts/8-16K/fx_trace/run_metadata.json	algorithm_analysis/original/profile_runs/selected_layer_fx_20260707_codex/contexts/8-16K/fx_trace/run_metadata.json
f030c65b6506cae62495acfa08e749e92ccbd534de2a2f2cdc6f60630749ecfa	11751	testdata/profile_runs/selected_layer_fx_20260707_codex/contexts/8-16K/fx_trace/traces/input1_layer3/fx_graph.py	algorithm_analysis/original/profile_runs/selected_layer_fx_20260707_codex/contexts/8-16K/fx_trace/traces/input1_layer3/fx_graph.py
1a1f96e2b4794beb8086b7701b82b031bf9f44666d1d53141349e1d74e6ac93f	18731	testdata/profile_runs/selected_layer_fx_20260707_codex/contexts/8-16K/fx_trace/traces/input1_layer3/fx_graph.txt	algorithm_analysis/original/profile_runs/selected_layer_fx_20260707_codex/contexts/8-16K/fx_trace/traces/input1_layer3/fx_graph.txt
26803be1e5155cef6e994a283db9eccc5b285bbc9168c06ed906f3f95d1c1c65	15453	testdata/profile_runs/selected_layer_fx_20260707_codex/contexts/8-16K/fx_trace/traces/input1_layer3/fx_graph_module.pt	algorithm_analysis/original/profile_runs/selected_layer_fx_20260707_codex/contexts/8-16K/fx_trace/traces/input1_layer3/fx_graph_module.pt
bb7014e5feb50d031f3b1a59edfe8700a2379034d405d8f1be47d958a7972496	21	testdata/profile_runs/selected_layer_fx_20260707_codex/contexts/8-16K/fx_trace/traces/input1_layer3/fx_graph_module/__init__.py	algorithm_analysis/original/profile_runs/selected_layer_fx_20260707_codex/contexts/8-16K/fx_trace/traces/input1_layer3/fx_graph_module/__init__.py
41de89ff93016e1916f4007d2a47a020ecb56a466f9af4d8a922ebe8f9247c57	13726	testdata/profile_runs/selected_layer_fx_20260707_codex/contexts/8-16K/fx_trace/traces/input1_layer3/fx_graph_module/module.py	algorithm_analysis/original/profile_runs/selected_layer_fx_20260707_codex/contexts/8-16K/fx_trace/traces/input1_layer3/fx_graph_module/module.py
983ad62fb4bc963c2ecee8ba19d637bdbcec0142ce2c86a6320ac62e3935ad83	1855	testdata/profile_runs/selected_layer_fx_20260707_codex/contexts/8-16K/fx_trace/traces/input1_layer3/fx_graph_module/state_dict.pt	algorithm_analysis/original/profile_runs/selected_layer_fx_20260707_codex/contexts/8-16K/fx_trace/traces/input1_layer3/fx_graph_module/state_dict.pt
2912c5f4e46f4a9a7625c48bcab94eb29fd41ab5a25f419f86b9f7187bddab52	97100	testdata/profile_runs/selected_layer_fx_20260707_codex/contexts/8-16K/fx_trace/traces/input1_layer3/fx_nodes.json	algorithm_analysis/original/profile_runs/selected_layer_fx_20260707_codex/contexts/8-16K/fx_trace/traces/input1_layer3/fx_nodes.json
05a296d21270f5a978b8a5425b3bb61205d3565193d3d3b491964d4d20be4e8f	26430	testdata/profile_runs/selected_layer_fx_20260707_codex/contexts/8-16K/fx_trace/traces/input1_layer3/fx_process_nodes.csv	algorithm_analysis/original/profile_runs/selected_layer_fx_20260707_codex/contexts/8-16K/fx_trace/traces/input1_layer3/fx_process_nodes.csv
6b76feadce3d7e0b9036ec9ac47e319979a0eb61c0f44d2ca56dece0ac9bc6a5	81370	testdata/profile_runs/selected_layer_fx_20260707_codex/contexts/8-16K/fx_trace/traces/input1_layer3/fx_process_reconstruction.json	algorithm_analysis/original/profile_runs/selected_layer_fx_20260707_codex/contexts/8-16K/fx_trace/traces/input1_layer3/fx_process_reconstruction.json
126f910d5fec1d18227ffdc8197a9999dc8908beb9bf3a216c8953af6a639a65	29222	testdata/profile_runs/selected_layer_fx_20260707_codex/contexts/8-16K/fx_trace/traces/input1_layer3/fx_process_reconstruction.md	algorithm_analysis/original/profile_runs/selected_layer_fx_20260707_codex/contexts/8-16K/fx_trace/traces/input1_layer3/fx_process_reconstruction.md
0a0ea241754a0224729ce9e6317f06ea26e9241a2b4e0745f057d7772ee1c7d0	2876	testdata/profile_runs/selected_layer_fx_20260707_codex/contexts/8-16K/fx_trace/traces/input1_layer3/fx_trace_metadata.json	algorithm_analysis/original/profile_runs/selected_layer_fx_20260707_codex/contexts/8-16K/fx_trace/traces/input1_layer3/fx_trace_metadata.json
8155297df1653aaff2e8a8900eb7c401094a4339e6acad14e7addaac6198b3a4	11753	testdata/profile_runs/selected_layer_fx_20260707_codex/contexts/8-16K/fx_trace/traces/input3_layer59/fx_graph.py	algorithm_analysis/original/profile_runs/selected_layer_fx_20260707_codex/contexts/8-16K/fx_trace/traces/input3_layer59/fx_graph.py
e26ee2f3814ecd8328bf2eccb3b7ea039a2dd089896c22f6de9288a01740dca0	18733	testdata/profile_runs/selected_layer_fx_20260707_codex/contexts/8-16K/fx_trace/traces/input3_layer59/fx_graph.txt	algorithm_analysis/original/profile_runs/selected_layer_fx_20260707_codex/contexts/8-16K/fx_trace/traces/input3_layer59/fx_graph.txt
55ab216d7e94fff2d0cf8e3040c0792cf13ee212159e22f8cb51d91068451108	15453	testdata/profile_runs/selected_layer_fx_20260707_codex/contexts/8-16K/fx_trace/traces/input3_layer59/fx_graph_module.pt	algorithm_analysis/original/profile_runs/selected_layer_fx_20260707_codex/contexts/8-16K/fx_trace/traces/input3_layer59/fx_graph_module.pt
bb7014e5feb50d031f3b1a59edfe8700a2379034d405d8f1be47d958a7972496	21	testdata/profile_runs/selected_layer_fx_20260707_codex/contexts/8-16K/fx_trace/traces/input3_layer59/fx_graph_module/__init__.py	algorithm_analysis/original/profile_runs/selected_layer_fx_20260707_codex/contexts/8-16K/fx_trace/traces/input3_layer59/fx_graph_module/__init__.py
4854bbc594580a91f5dea86872e92b21b1f71c5fdbc59aae1b5fa69e72e09695	13729	testdata/profile_runs/selected_layer_fx_20260707_codex/contexts/8-16K/fx_trace/traces/input3_layer59/fx_graph_module/module.py	algorithm_analysis/original/profile_runs/selected_layer_fx_20260707_codex/contexts/8-16K/fx_trace/traces/input3_layer59/fx_graph_module/module.py
983ad62fb4bc963c2ecee8ba19d637bdbcec0142ce2c86a6320ac62e3935ad83	1855	testdata/profile_runs/selected_layer_fx_20260707_codex/contexts/8-16K/fx_trace/traces/input3_layer59/fx_graph_module/state_dict.pt	algorithm_analysis/original/profile_runs/selected_layer_fx_20260707_codex/contexts/8-16K/fx_trace/traces/input3_layer59/fx_graph_module/state_dict.pt
cbb63ba19b39025b2b386080f5b55ce5a4014fe2632ada3b18183a5a5a25973c	97102	testdata/profile_runs/selected_layer_fx_20260707_codex/contexts/8-16K/fx_trace/traces/input3_layer59/fx_nodes.json	algorithm_analysis/original/profile_runs/selected_layer_fx_20260707_codex/contexts/8-16K/fx_trace/traces/input3_layer59/fx_nodes.json
8ee633d3bd2b6aac9bb452c53594160ed270e994e047f56ee6468aaaccb3f464	26432	testdata/profile_runs/selected_layer_fx_20260707_codex/contexts/8-16K/fx_trace/traces/input3_layer59/fx_process_nodes.csv	algorithm_analysis/original/profile_runs/selected_layer_fx_20260707_codex/contexts/8-16K/fx_trace/traces/input3_layer59/fx_process_nodes.csv
da9eac8b498c97a1e83f1fe8747600799dad61c4698b354913e0f8a9bf397040	81378	testdata/profile_runs/selected_layer_fx_20260707_codex/contexts/8-16K/fx_trace/traces/input3_layer59/fx_process_reconstruction.json	algorithm_analysis/original/profile_runs/selected_layer_fx_20260707_codex/contexts/8-16K/fx_trace/traces/input3_layer59/fx_process_reconstruction.json
7a11124c4b303bd8246a7c953a8bf0034a1b21f27fb90c9dae30816b97de03f4	29224	testdata/profile_runs/selected_layer_fx_20260707_codex/contexts/8-16K/fx_trace/traces/input3_layer59/fx_process_reconstruction.md	algorithm_analysis/original/profile_runs/selected_layer_fx_20260707_codex/contexts/8-16K/fx_trace/traces/input3_layer59/fx_process_reconstruction.md
f3cb443ae9565a736ef00c5e9d36c4ee6a82832725829a797445cff2de15716c	2885	testdata/profile_runs/selected_layer_fx_20260707_codex/contexts/8-16K/fx_trace/traces/input3_layer59/fx_trace_metadata.json	algorithm_analysis/original/profile_runs/selected_layer_fx_20260707_codex/contexts/8-16K/fx_trace/traces/input3_layer59/fx_trace_metadata.json
17b50b174cdd3b07959f45a3bf0a4d18e8396408ed4921e95717dd45f746dcb7	11753	testdata/profile_runs/selected_layer_fx_20260707_codex/contexts/8-16K/fx_trace/traces/input4_layer31/fx_graph.py	algorithm_analysis/original/profile_runs/selected_layer_fx_20260707_codex/contexts/8-16K/fx_trace/traces/input4_layer31/fx_graph.py
eb5c45fe574f45dde419748411b3a7fe91414495539a5c2c1b9c0c07846552de	18733	testdata/profile_runs/selected_layer_fx_20260707_codex/contexts/8-16K/fx_trace/traces/input4_layer31/fx_graph.txt	algorithm_analysis/original/profile_runs/selected_layer_fx_20260707_codex/contexts/8-16K/fx_trace/traces/input4_layer31/fx_graph.txt
4d4456547b6ec758453ddfe237fd52ef0b4f8afb78255260d5cf9ac7b401e6fc	15453	testdata/profile_runs/selected_layer_fx_20260707_codex/contexts/8-16K/fx_trace/traces/input4_layer31/fx_graph_module.pt	algorithm_analysis/original/profile_runs/selected_layer_fx_20260707_codex/contexts/8-16K/fx_trace/traces/input4_layer31/fx_graph_module.pt
bb7014e5feb50d031f3b1a59edfe8700a2379034d405d8f1be47d958a7972496	21	testdata/profile_runs/selected_layer_fx_20260707_codex/contexts/8-16K/fx_trace/traces/input4_layer31/fx_graph_module/__init__.py	algorithm_analysis/original/profile_runs/selected_layer_fx_20260707_codex/contexts/8-16K/fx_trace/traces/input4_layer31/fx_graph_module/__init__.py
10c9dbbafea57d9117372e78ed16bf0fbecf77e6983c9530ef316b454984654e	13729	testdata/profile_runs/selected_layer_fx_20260707_codex/contexts/8-16K/fx_trace/traces/input4_layer31/fx_graph_module/module.py	algorithm_analysis/original/profile_runs/selected_layer_fx_20260707_codex/contexts/8-16K/fx_trace/traces/input4_layer31/fx_graph_module/module.py
983ad62fb4bc963c2ecee8ba19d637bdbcec0142ce2c86a6320ac62e3935ad83	1855	testdata/profile_runs/selected_layer_fx_20260707_codex/contexts/8-16K/fx_trace/traces/input4_layer31/fx_graph_module/state_dict.pt	algorithm_analysis/original/profile_runs/selected_layer_fx_20260707_codex/contexts/8-16K/fx_trace/traces/input4_layer31/fx_graph_module/state_dict.pt
e920515f2c906a27b4d24d709c16cf149c96d0752095f71eb5ea4ee58c8c0667	97102	testdata/profile_runs/selected_layer_fx_20260707_codex/contexts/8-16K/fx_trace/traces/input4_layer31/fx_nodes.json	algorithm_analysis/original/profile_runs/selected_layer_fx_20260707_codex/contexts/8-16K/fx_trace/traces/input4_layer31/fx_nodes.json
9691e27ad9d5c980483cb540f5103bcc0bb700a48972e9886b7816b04d0b2837	26432	testdata/profile_runs/selected_layer_fx_20260707_codex/contexts/8-16K/fx_trace/traces/input4_layer31/fx_process_nodes.csv	algorithm_analysis/original/profile_runs/selected_layer_fx_20260707_codex/contexts/8-16K/fx_trace/traces/input4_layer31/fx_process_nodes.csv
b071fc2cee7c135b2d92c45958e1082f27e3be7efbfb342518e84c447abf6010	81378	testdata/profile_runs/selected_layer_fx_20260707_codex/contexts/8-16K/fx_trace/traces/input4_layer31/fx_process_reconstruction.json	algorithm_analysis/original/profile_runs/selected_layer_fx_20260707_codex/contexts/8-16K/fx_trace/traces/input4_layer31/fx_process_reconstruction.json
2ec7de5603f084eb31933cd3e76645cb4b4f6d20e481b80f121df3f250fbb8ea	29224	testdata/profile_runs/selected_layer_fx_20260707_codex/contexts/8-16K/fx_trace/traces/input4_layer31/fx_process_reconstruction.md	algorithm_analysis/original/profile_runs/selected_layer_fx_20260707_codex/contexts/8-16K/fx_trace/traces/input4_layer31/fx_process_reconstruction.md
c566d3490c447603e561a8ff6e6a05f56721b5d935929c118029121f8c9c737a	2885	testdata/profile_runs/selected_layer_fx_20260707_codex/contexts/8-16K/fx_trace/traces/input4_layer31/fx_trace_metadata.json	algorithm_analysis/original/profile_runs/selected_layer_fx_20260707_codex/contexts/8-16K/fx_trace/traces/input4_layer31/fx_trace_metadata.json
4c62dfb8b8626d30a659e1673f7f71c4b307a7eef21fa5431a9a710cbdd1370e	3746	testdata/profile_runs/selected_layer_fx_20260707_codex/contexts/8-16K/result.json	algorithm_analysis/original/profile_runs/selected_layer_fx_20260707_codex/contexts/8-16K/result.json
aa2c89180b7862f61f64caedc160e5533343cc2ce4abac6deeec5a4a4c84d177	19346	testdata/profile_runs/selected_layer_fx_20260707_codex/contexts/8-16K/vllm_fx_server.log	algorithm_analysis/original/profile_runs/selected_layer_fx_20260707_codex/contexts/8-16K/vllm_fx_server.log
10a307d1fd0fa1a2a15b171ab4702ee1e5f8396825d1b18ebf49570e55311dd8	6	testdata/profile_runs/selected_layer_fx_20260707_codex/contexts/8-16K/vllm_fx_server.pid	algorithm_analysis/original/profile_runs/selected_layer_fx_20260707_codex/contexts/8-16K/vllm_fx_server.pid
8e13a6d9c324141141a8a3be99d1366b8b48468b12c279622069361ebf64db91	93	testdata/profile_runs/selected_layer_fx_20260707_codex/profile_plan.tsv	algorithm_analysis/original/profile_runs/selected_layer_fx_20260707_codex/profile_plan.tsv
f353c60093adf99d344600ef7ab5c874ec2b408c2786483224de896c0e2a4a2e	8799	testdata/profile_runs/selected_layer_fx_20260707_codex/selected_layer_fx_process_summary.json	algorithm_analysis/original/profile_runs/selected_layer_fx_20260707_codex/selected_layer_fx_process_summary.json
dfe11c9f1d12b365361dd63fc8d950d975004d95d75481b837cdf68fa84002b7	2036	testdata/profile_runs/selected_layer_fx_20260707_codex/selected_layer_fx_process_summary.md	algorithm_analysis/original/profile_runs/selected_layer_fx_20260707_codex/selected_layer_fx_process_summary.md
6ba921ec88fb2a8928e82a283aa378d66388147ac6b19c0e8e83d584cf86b100	25523	testdata/profile_runs/selected_layer_fx_20260707_codex/selected_layer_fx_process_visualization.md	algorithm_analysis/original/profile_runs/selected_layer_fx_20260707_codex/selected_layer_fx_process_visualization.md
4473ba129aebcdc38b3f071e2c458ad9792677e458976c810d0ade9829053449	4717	testdata/profile_runs/selected_layer_fx_20260707_codex/selected_layer_fx_trace_summary.json	algorithm_analysis/original/profile_runs/selected_layer_fx_20260707_codex/selected_layer_fx_trace_summary.json
78e6402caa6f057d6081fae7f2f3d4ae5fa81e3e497454170e2f6b45f43dbd1b	1880	testdata/profile_runs/selected_layer_fx_20260707_codex/selected_layer_fx_trace_summary.md	algorithm_analysis/original/profile_runs/selected_layer_fx_20260707_codex/selected_layer_fx_trace_summary.md
0f2339ce6de7a94e0e2bb99d60b2689a01004452e189a864b481c3efca6df55f	18134	testdata/reconstruct_selected_layer_fx_processes.py	algorithm_analysis/original/scripts/reconstruct_selected_layer_fx_processes.py
fd5e5b88496e61ae86bac32ded24588e807fb4a455ffc60aec8e1848a9863873	5896	testdata/run_patch_trace_contexts.sh	algorithm_analysis/original/scripts/run_patch_trace_contexts.sh
d4063f0fd130963ee25d756906f34ac1fdf5b59af7ce9d8cf0d333db18cf1820	7316	testdata/run_selected_layer_fx_trace_contexts.sh	algorithm_analysis/original/scripts/run_selected_layer_fx_trace_contexts.sh
ce3c0c95dbfa44f5f40615f9057c500e242115ba0f5aa94aa35c3f0c00f282da	9242	testdata/summarize_patch_trace.py	algorithm_analysis/original/scripts/summarize_patch_trace.py
112b8bf16e7c7082f071e9071feb4cd7e9c5cfa517c49409660c96ab9667195a	10144	testdata/summarize_selected_layer_fx_trace.py	algorithm_analysis/original/scripts/summarize_selected_layer_fx_trace.py
79e8cac64bf8091c37782973e29615470ffbb31308969eb4655744c588ce9c22	556	testdata/fx_trace_patch/sitecustomize.py	algorithm_analysis/original/source/fx_trace_patch/sitecustomize.py
392df62c6d1a25a41ef9846e77a8142a333cfde181d3d7551b68d01691f10a6a	40342	testdata/fx_trace_patch/vllm_selected_layer_fx_patch.py	algorithm_analysis/original/source/fx_trace_patch/vllm_selected_layer_fx_patch.py
6141dc67412a1f81acc028a293c87daaa9c06d1497c50af6ad05dbae3a9a6dce	519	testdata/trace_patch/sitecustomize.py	algorithm_analysis/original/source/trace_patch/sitecustomize.py
bcffbcf986304541d0baa856df7f4ea2daff70a3835cabbde8e06ccd9cf8c719	38342	testdata/trace_patch/vllm_trace_patch.py	algorithm_analysis/original/source/trace_patch/vllm_trace_patch.py
a28cdff57c955dba6f7f9069bd54abdb474e24188eff2db771f77823c0a2b5bc	5619	testdata/goal_runs/20260712_attn_gdn_tensor_unit_probe/README.md	performance_analysis/original/current_best/20260712_attn_gdn_tensor_unit_probe/README.md
c74b4cd54cd3856c01636012562e3d847ce534a3f368306264244ac2c91532ad	612	testdata/goal_runs/20260712_attn_gdn_tensor_unit_probe/attention_decode_mmop.csv	performance_analysis/original/current_best/20260712_attn_gdn_tensor_unit_probe/attention_decode_mmop.csv
6fe94ff04f3988e7095a9611994dc026e20070c4f64c846d350d3f5b03f6b44a	2400	testdata/goal_runs/20260712_attn_gdn_tensor_unit_probe/attention_decode_smoke.log	performance_analysis/original/current_best/20260712_attn_gdn_tensor_unit_probe/attention_decode_smoke.log
df6fdc700111ae131e6502cdd98c21a6d492cad64edd14f45d1aea167e5c6266	2400	testdata/goal_runs/20260712_attn_gdn_tensor_unit_probe/attention_decode_smoke_dtk_env.log	performance_analysis/original/current_best/20260712_attn_gdn_tensor_unit_probe/attention_decode_smoke_dtk_env.log
780373a1209b9842f0deafba225bb32e2e2ca2e2d8e1b0987e4d55ebe04a6671	2400	testdata/goal_runs/20260712_attn_gdn_tensor_unit_probe/attention_decode_smoke_retry1.log	performance_analysis/original/current_best/20260712_attn_gdn_tensor_unit_probe/attention_decode_smoke_retry1.log
db9fa5ecb62f94b642998e67af68c23f500daeb39e2cf205c56ceda33284c580	580	testdata/goal_runs/20260712_attn_gdn_tensor_unit_probe/attention_decode_smoke_retry2.log	performance_analysis/original/current_best/20260712_attn_gdn_tensor_unit_probe/attention_decode_smoke_retry2.log
b2841843bdeab43c47bbb343164e680ef4ac9a3ad39cc1f0e7d2a3cf05afb979	2400	testdata/goal_runs/20260712_attn_gdn_tensor_unit_probe/attention_decode_smoke_retry3.log	performance_analysis/original/current_best/20260712_attn_gdn_tensor_unit_probe/attention_decode_smoke_retry3.log
df6fdc700111ae131e6502cdd98c21a6d492cad64edd14f45d1aea167e5c6266	2400	testdata/goal_runs/20260712_attn_gdn_tensor_unit_probe/attention_decode_smoke_retry4.log	performance_analysis/original/current_best/20260712_attn_gdn_tensor_unit_probe/attention_decode_smoke_retry4.log
0184e81b84627746de47e8b6a5e37273fbf969acc92e0cb9681069e00bc550c7	79	testdata/goal_runs/20260712_attn_gdn_tensor_unit_probe/attention_decode_smoke_retry5.log	performance_analysis/original/current_best/20260712_attn_gdn_tensor_unit_probe/attention_decode_smoke_retry5.log
b7f1e24da621001333bc41333d2b9ec5ad4fcb342170a67662e232e61cdc9365	446	testdata/goal_runs/20260712_attn_gdn_tensor_unit_probe/attention_prefill_mmop.csv	performance_analysis/original/current_best/20260712_attn_gdn_tensor_unit_probe/attention_prefill_mmop.csv
bde3fd89e29eb4b9b861a14e84068f8d0c4e98c6067eb3f4cb2e08d2b761b6bf	444	testdata/goal_runs/20260712_attn_gdn_tensor_unit_probe/gdn_decode_mmop.csv	performance_analysis/original/current_best/20260712_attn_gdn_tensor_unit_probe/gdn_decode_mmop.csv
b2a1508cdd6732581c0d9a7ff02e7c6fa0035e5dd227aa2bd232bfd90de5a0f2	721	testdata/goal_runs/20260712_attn_gdn_tensor_unit_probe/gdn_decode_smoke.log	performance_analysis/original/current_best/20260712_attn_gdn_tensor_unit_probe/gdn_decode_smoke.log
f734147b2f717ef53948c10fa9b31b4c8fa1964a34877108e64ccb9c5479c0aa	189	testdata/goal_runs/20260712_attn_gdn_tensor_unit_probe/gdn_decode_smoke_retry1.log	performance_analysis/original/current_best/20260712_attn_gdn_tensor_unit_probe/gdn_decode_smoke_retry1.log
ed875f2afecfb5d30fd33c65dc4c5ecfdd297d72b54869313add2d495371e973	17	testdata/goal_runs/20260712_attn_gdn_tensor_unit_probe/gdn_prefill_aux_mmop.csv	performance_analysis/original/current_best/20260712_attn_gdn_tensor_unit_probe/gdn_prefill_aux_mmop.csv
d9b9525e27f15c191b56d0233658d3f7c575e54afffa08cf9a11c22dea0767e7	3613782	testdata/goal_runs/20260712_attn_gdn_tensor_unit_probe/gdn_prefill_mmop.csv	performance_analysis/original/current_best/20260712_attn_gdn_tensor_unit_probe/gdn_prefill_mmop.csv
b7c49200db1a05e7f603bf94eb3ee9676380ae8200d3d4ce761a78106f546ba3	1531	testdata/goal_runs/20260712_attn_gdn_tensor_unit_probe/gdn_prefill_smoke.log	performance_analysis/original/current_best/20260712_attn_gdn_tensor_unit_probe/gdn_prefill_smoke.log
e854578c3492baaa3d91bab7b1e3d62b01f680deecbf1ba8649d9c637ace328a	5973	testdata/goal_runs/20260712_attn_gdn_tensor_unit_probe/probe_attention.py	performance_analysis/original/current_best/20260712_attn_gdn_tensor_unit_probe/probe_attention.py
f08e740d675b714e5a9001b05869a51ea581ff48a26899d8a3e4f1a1e1217fbe	1985	testdata/goal_runs/20260712_attn_gdn_tensor_unit_probe/probe_gdn_decode.py	performance_analysis/original/current_best/20260712_attn_gdn_tensor_unit_probe/probe_gdn_decode.py
73a3a835c6ae998a402f0bd00be61d89602807ba2edae01919b8d41d9fa61298	1820	testdata/goal_runs/20260712_attn_gdn_tensor_unit_probe/probe_gdn_prefill.py	performance_analysis/original/current_best/20260712_attn_gdn_tensor_unit_probe/probe_gdn_prefill.py
ac048615c95c34ad1879393b46aed869a7ad6b86d566dee2dc9e3dd7a903688a	135	testdata/goal_runs/20260712_attn_gdn_tensor_unit_probe/rocprof_attention_decode.txt	performance_analysis/original/current_best/20260712_attn_gdn_tensor_unit_probe/rocprof_attention_decode.txt
eaf637f09aa15dc00ed3af89fa733e1ffdc5eb7799c11546a03ffbae92f98c1c	124	testdata/goal_runs/20260712_attn_gdn_tensor_unit_probe/rocprof_attention_prefill.txt	performance_analysis/original/current_best/20260712_attn_gdn_tensor_unit_probe/rocprof_attention_prefill.txt
58de89fe550eee825771d6c16d13c356bfaec9907cb1a52ae4a324847a6f0bf3	145	testdata/goal_runs/20260712_attn_gdn_tensor_unit_probe/rocprof_gdn_decode.txt	performance_analysis/original/current_best/20260712_attn_gdn_tensor_unit_probe/rocprof_gdn_decode.txt
4ed07f3a5b45d8a96279e5384b7b6e33ee984b8d5c2f024056354ef51cc151bf	250	testdata/goal_runs/20260712_attn_gdn_tensor_unit_probe/rocprof_gdn_prefill.txt	performance_analysis/original/current_best/20260712_attn_gdn_tensor_unit_probe/rocprof_gdn_prefill.txt
cc5910929337acfb862c1a89200bab7f3c3a1155628e5cc55c81a5b75fcde254	143	testdata/goal_runs/20260712_attn_gdn_tensor_unit_probe/rocprof_gdn_prefill_aux.txt	performance_analysis/original/current_best/20260712_attn_gdn_tensor_unit_probe/rocprof_gdn_prefill_aux.txt
2f010997b2eedb5eaa077e1c3aaffc93c936ffb380f60a449826a70b9a5b6003	11	testdata/goal_runs/20260712_h10_8_runtime_validation/end_epoch.txt	performance_analysis/original/current_best/20260712_h10_8_runtime_validation/end_epoch.txt
09b69a18111a6a9a25d961289aa9cd1aaa10c212dd07ae3074b3d4f7384d7317	11	testdata/goal_runs/20260712_h10_8_runtime_validation/start_epoch.txt	performance_analysis/original/current_best/20260712_h10_8_runtime_validation/start_epoch.txt
9a271f2a916b0b6ee6cecb2426f0b3206ef074578be55d9bc94f6f3fe3ab86aa	2	testdata/goal_runs/20260712_h10_8_runtime_validation/status.txt	performance_analysis/original/current_best/20260712_h10_8_runtime_validation/status.txt
69e6880b89e7970f22caacff1f1d842380af572b5d6b7e17ad5cb776d918c4c9	7830	testdata/goal_runs/20260712_h10_8_runtime_validation/validate_h10_8.py	performance_analysis/original/current_best/20260712_h10_8_runtime_validation/validate_h10_8.py
cb0263026e25f49b9073c42f9c0e57cef341d42c03ed53621b3c6a2a95bbf633	350	testdata/goal_runs/20260712_h10_8_runtime_validation/validation.log	performance_analysis/original/current_best/20260712_h10_8_runtime_validation/validation.log
f42aa8de83e0a92b1e392a36a5264b14ae1991a75474ff3a7639d6ff1086a2d8	13650	testdata/goal_runs/20260712_h10_8_runtime_validation/validation_results.json	performance_analysis/original/current_best/20260712_h10_8_runtime_validation/validation_results.json
1cd2018a830ffa635582fb06b0c27b8c6acc0dc538266a4fa1279528296426cd	160	testdata/goal_runs/20260712_h10_8_runtime_validation/validation_script.sha256	performance_analysis/original/current_best/20260712_h10_8_runtime_validation/validation_script.sha256
9d73b38264ee9f5105393dec1684541d5c0fcf9e1703c7367885c24d34d96c5e	1143	testdata/goal_runs/20260712_h10_8_single_tu_compile/artifact_hashes.txt	performance_analysis/original/current_best/20260712_h10_8_single_tu_compile/artifact_hashes.txt
9ad6db92127713d14a2a866cf28e36055d219f698e49386a7e5c471d36bc7063	137	testdata/goal_runs/20260712_h10_8_single_tu_compile/build_command.txt	performance_analysis/original/current_best/20260712_h10_8_single_tu_compile/build_command.txt
4ff26cef9e1260b6806482612f79975c8c605798029f5317aea2d70247407e5f	11	testdata/goal_runs/20260712_h10_8_single_tu_compile/end_epoch.txt	performance_analysis/original/current_best/20260712_h10_8_single_tu_compile/end_epoch.txt
8b4b2d780563c8429ce0d38ec10683c2e1e0c6f6ee0f28d3c3d340d2f16e1c13	1161511	testdata/goal_runs/20260712_h10_8_single_tu_compile/gfx936_notes.txt	performance_analysis/original/current_best/20260712_h10_8_single_tu_compile/gfx936_notes.txt
ef74141edad53c8137014e7e6d2673b63baf3b697009652afeda7c84dc160b24	1297	testdata/goal_runs/20260712_h10_8_single_tu_compile/h10_8_gfx936_kernel_metadata.txt	performance_analysis/original/current_best/20260712_h10_8_single_tu_compile/h10_8_gfx936_kernel_metadata.txt
575fdcd9f6a45d644080426b4cd693887b9adaa30921d56a2b3a1cb7c939fdf6	15890	testdata/goal_runs/20260712_h10_8_single_tu_compile/h10_8_source_diff.patch	performance_analysis/original/current_best/20260712_h10_8_single_tu_compile/h10_8_source_diff.patch
8b9b2a26a86644bc4db4d13dcf68edf79d334a8f7b3aa56cf85d56f197f1093e	2827	testdata/goal_runs/20260712_h10_8_single_tu_compile/ninja_skinny_gemms.log	performance_analysis/original/current_best/20260712_h10_8_single_tu_compile/ninja_skinny_gemms.log
9a271f2a916b0b6ee6cecb2426f0b3206ef074578be55d9bc94f6f3fe3ab86aa	2	testdata/goal_runs/20260712_h10_8_single_tu_compile/ninja_status.txt	performance_analysis/original/current_best/20260712_h10_8_single_tu_compile/ninja_status.txt
d02435305c61af34f04e90dd299c63c89b1d9517120f260202618a07d06bec62	154	testdata/goal_runs/20260712_h10_8_single_tu_compile/object_hash.txt	performance_analysis/original/current_best/20260712_h10_8_single_tu_compile/object_hash.txt
fc4b9ae4e820445726767d2ae4bdd3d6ee3da10b81a2501e74ff26558d8b9052	4818152	testdata/goal_runs/20260712_h10_8_single_tu_compile/skinny_gemms.hip_fatbin	performance_analysis/original/current_best/20260712_h10_8_single_tu_compile/skinny_gemms.hip_fatbin
c6fd515d62afcbbcb8a270f1377f64abd0bf435f3b8b610f79da473954660ed5	1203208	testdata/goal_runs/20260712_h10_8_single_tu_compile/skinny_gemms_gfx936.co	performance_analysis/original/current_best/20260712_h10_8_single_tu_compile/skinny_gemms_gfx936.co
4a6080172d5119df1d9d30d906297158b908fe28a389e36e0bc63dd6b1769a25	457	testdata/goal_runs/20260712_h10_8_single_tu_compile/source_hashes_after.txt	performance_analysis/original/current_best/20260712_h10_8_single_tu_compile/source_hashes_after.txt
9d488bdfe7b4b1a5438412afc9905181849fec44edf48c7d797cf68d8a1c2628	194	testdata/goal_runs/20260712_h10_8_single_tu_compile/source_hashes_before.txt	performance_analysis/original/current_best/20260712_h10_8_single_tu_compile/source_hashes_before.txt
a680682ca868319fed3f3e0e823f940b5928a562531c5d69956deb33e4d6f675	11	testdata/goal_runs/20260712_h10_8_single_tu_compile/start_epoch.txt	performance_analysis/original/current_best/20260712_h10_8_single_tu_compile/start_epoch.txt
dfbb1b69ee801c01cdf7f10e924d2da28ce186723428708124cf13b3665e59d5	58	testdata/goal_runs/20260712_h10_8_single_tu_compile/static_checks.log	performance_analysis/original/current_best/20260712_h10_8_single_tu_compile/static_checks.log
a6cc43fb4ebc211be44fdbf734579011b3ce92851a7b9a240f92a1e7b3e2393f	410	testdata/goal_runs/20260712_r27_h11_10_pv_transpose_probe/h11_5_lds.csv	performance_analysis/original/current_best/20260712_h11_5_attention_lds/h11_5_lds.csv
7dbe1d6c8cd639cff6dc89bf1df57cc56ef4d6d8f6052c63b83278ab90307493	172	testdata/goal_runs/20260712_r27_h11_10_pv_transpose_probe/rocprof_h11_5_lds.txt	performance_analysis/original/current_best/20260712_h11_5_attention_lds/rocprof_h11_5_lds.txt
fe2bbdc8461c2a983ad403d42d324741be02476a2c403aa2da094266730edd79	4886	testdata/goal_runs/20260712_prefill_tensor_unit_probe/README.md	performance_analysis/original/current_best/20260712_prefill_tensor_unit_probe/README.md
8e4f322c725eb3e6cbf00e0d0480d513d19a5f8723c5b18bbbb8411cd8e33ac6	654	testdata/goal_runs/20260712_prefill_tensor_unit_probe/probe_prefill_gemm.py	performance_analysis/original/current_best/20260712_prefill_tensor_unit_probe/probe_prefill_gemm.py
f5e99ee613c0c6f98486c93dc583793020cb7a8cefbc80c686afe90dba9db00a	352	testdata/goal_runs/20260712_prefill_tensor_unit_probe/rocblas_trace.log	performance_analysis/original/current_best/20260712_prefill_tensor_unit_probe/rocblas_trace.log
347ff3a163ac2fac7f94b13e1e697a1cbc0592c112b39be40222e24dcbf73366	352	testdata/goal_runs/20260712_prefill_tensor_unit_probe/rocblas_trace_clean_default.log	performance_analysis/original/current_best/20260712_prefill_tensor_unit_probe/rocblas_trace_clean_default.log
6ad2f8dff56114db5e7f805a4f2013449e4a70aa829695bfdcdcd949d6ca65ca	344	testdata/goal_runs/20260712_prefill_tensor_unit_probe/rocprof_data/rpl_data_260713_000211_454286/input0.xml	performance_analysis/original/current_best/20260712_prefill_tensor_unit_probe/rocprof_data/rpl_data_260713_000211_454286/input0.xml
cdf682ded7401559f5a773bd06885632da44e67a748f1e7915de1e6b7af7ceeb	724	testdata/goal_runs/20260712_prefill_tensor_unit_probe/rocprof_data/rpl_data_260713_000211_454286/input0_results_260713_000211/454391_results.txt	performance_analysis/original/current_best/20260712_prefill_tensor_unit_probe/rocprof_data/rpl_data_260713_000211_454286/input0_results_260713_000211/454391_results.txt
ddd53969fc38cda90af92aeb987803974c34d3bdd9d63bd398d0f5f3d1ff2e93	8	testdata/goal_runs/20260712_prefill_tensor_unit_probe/rocprof_data/rpl_data_260713_000211_454286/input0_results_260713_000211/exit.txt	performance_analysis/original/current_best/20260712_prefill_tensor_unit_probe/rocprof_data/rpl_data_260713_000211_454286/input0_results_260713_000211/exit.txt
0b90d75b4e9fbd8ca7778a23a60ee59f48097e085c2cc985ee8637c81dc89737	527	testdata/goal_runs/20260712_prefill_tensor_unit_probe/rocprof_data/rpl_data_260713_000211_454286/input0_results_260713_000211/log.txt	performance_analysis/original/current_best/20260712_prefill_tensor_unit_probe/rocprof_data/rpl_data_260713_000211_454286/input0_results_260713_000211/log.txt
cdf682ded7401559f5a773bd06885632da44e67a748f1e7915de1e6b7af7ceeb	724	testdata/goal_runs/20260712_prefill_tensor_unit_probe/rocprof_data/rpl_data_260713_000211_454286/input0_results_260713_000211/results.txt	performance_analysis/original/current_best/20260712_prefill_tensor_unit_probe/rocprof_data/rpl_data_260713_000211_454286/input0_results_260713_000211/results.txt
e3b0c44298fc1c149afbf4c8996fb92427ae41e4649b934ca495991b7852b855	0	testdata/goal_runs/20260712_prefill_tensor_unit_probe/rocprof_data/rpl_data_260713_000211_454286/log.txt	performance_analysis/original/current_best/20260712_prefill_tensor_unit_probe/rocprof_data/rpl_data_260713_000211_454286/log.txt
96df2040f6059a3ed36240260cd6e7a6546267f6b82a9a75793b743d91e8dec6	696	testdata/goal_runs/20260712_prefill_tensor_unit_probe/rocprof_mmop.csv	performance_analysis/original/current_best/20260712_prefill_tensor_unit_probe/rocprof_mmop.csv
5d9cac159264f0998e6b5dcb5560f39a31522f1add590c18ab8dfaab116b6064	271	testdata/goal_runs/20260712_prefill_tensor_unit_probe/rocprof_mmop.txt	performance_analysis/original/current_best/20260712_prefill_tensor_unit_probe/rocprof_mmop.txt
52b41805392938a031b80cf0a206f97bdaee9625178be0d6a8643429da4f8160	94208	testdata/goal_runs/20260712_prefill_tensor_unit_probe/trace/prefill_bf16_512x5120x34816.db	performance_analysis/original/current_best/20260712_prefill_tensor_unit_probe/trace/prefill_bf16_512x5120x34816.db
85a1a92878b10c148764c2d3ca110f15430afcaba271f7de9e8f7c296e479db5	7471	testdata/goal_runs/20260712_prefill_tensor_unit_probe/trace/prefill_bf16_512x5120x34816.hipkernel.csv	performance_analysis/original/current_best/20260712_prefill_tensor_unit_probe/trace/prefill_bf16_512x5120x34816.hipkernel.csv
0dcd0f119b5561f4e50a8d779d983332dca05086c3eb5a1703bdbe8e2c79bfe1	2057	testdata/goal_runs/20260712_prefill_tensor_unit_probe/trace/prefill_bf16_512x5120x34816.hiptrace.csv	performance_analysis/original/current_best/20260712_prefill_tensor_unit_probe/trace/prefill_bf16_512x5120x34816.hiptrace.csv
8fddc975d80cacbbfb118f976ec59c6f96e8ed5d275fe8677fb8bd781239076d	175425	testdata/goal_runs/20260712_prefill_tensor_unit_probe/trace/prefill_bf16_512x5120x34816.json	performance_analysis/original/current_best/20260712_prefill_tensor_unit_probe/trace/prefill_bf16_512x5120x34816.json
4d1c0d60234298fe0452d90cfbee081a3b2358000914b038da7248d746ff01d2	8496	testdata/goal_runs/20260712_r27_prefill_linear_gemm_solution_audit/existing_evidence.json	performance_analysis/original/current_best/20260712_r27_prefill_linear_gemm_current_path/existing_evidence.json
6e7a456042b880c20be5613d67794b9768eba3f47be4cce41f241d6f1458c0ac	7412	testdata/goal_runs/20260712_r27_prefill_linear_gemm_solution_audit/extract_existing_evidence.py	performance_analysis/original/current_best/20260712_r27_prefill_linear_gemm_current_path/extract_existing_evidence.py
9aa21aa5ea8decc72aba71150f65974874ac618023eb8fd258acdd16361e092d	1669	testdata/goal_runs/20260712_r27_prefill_linear_gemm_solution_audit/probe_prefill_shape.py	performance_analysis/original/current_best/20260712_r27_prefill_linear_gemm_current_path/probe_prefill_shape.py
f040067ef274d16eed18caee474f32a0472c7a6c0dd70d6704120bc05de56508	454	testdata/goal_runs/20260712_r27_prefill_linear_gemm_solution_audit/rocprof_mmop_prefill.txt	performance_analysis/original/current_best/20260712_r27_prefill_linear_gemm_current_path/rocprof_mmop_prefill.txt
af0e99ff2820a16d3e9c7804b77daff49e212df6b0f7acc6c6db60a531bb52cd	702	testdata/goal_runs/20260714_la_rp_direct_qkv_prefill_r1/resource_profile/device_after_trace_h11.txt	performance_analysis/original/current_best/20260714_h11_5_l4096_reference_profile/device_after_trace_h11.txt
af0e99ff2820a16d3e9c7804b77daff49e212df6b0f7acc6c6db60a531bb52cd	702	testdata/goal_runs/20260714_la_rp_direct_qkv_prefill_r1/resource_profile/device_before_trace_h11.txt	performance_analysis/original/current_best/20260714_h11_5_l4096_reference_profile/device_before_trace_h11.txt
292e40d7bd6c9f27e39b878ed35c18efd60e2ecdb9205f2c6ac949910fc6f18f	960	testdata/goal_runs/20260714_la_rp_direct_qkv_prefill_r1/resource_profile/h11_code_object/code_object.elf_header.txt	performance_analysis/original/current_best/20260714_h11_5_l4096_reference_profile/h11_code_object/code_object.elf_header.txt
c8699a4fec1e5745c41121c3307e83ed223f80961a0094246716d572287cc0fb	6100	testdata/goal_runs/20260714_la_rp_direct_qkv_prefill_r1/resource_profile/h11_code_object/code_object.notes.txt	performance_analysis/original/current_best/20260714_h11_5_l4096_reference_profile/h11_code_object/code_object.notes.txt
60262cc19578320fcf6bf50b5b1f37928694ea21dc1897adaacf01fc9b87c24c	395	testdata/goal_runs/20260714_la_rp_direct_qkv_prefill_r1/resource_profile/h11_code_object/code_object.sha256	performance_analysis/original/current_best/20260714_h11_5_l4096_reference_profile/h11_code_object/code_object.sha256
364c4dfe40e32cd6a26bc194601f34a5fa03fecd3afe591c0acb41752915761e	29104	testdata/goal_runs/20260714_la_rp_direct_qkv_prefill_r1/resource_profile/h11_code_object/kernel_unified_attention_2d_gqa6.hsaco	performance_analysis/original/current_best/20260714_h11_5_l4096_reference_profile/h11_code_object/kernel_unified_attention_2d_gqa6.hsaco
5dcb3d22c7a39d089faf5d72694871e2ae38efe71798cf438a97160a4be90013	5900	testdata/goal_runs/20260714_la_rp_direct_qkv_prefill_r1/resource_profile/h11_code_object/target_metadata_exact.txt	performance_analysis/original/current_best/20260714_h11_5_l4096_reference_profile/h11_code_object/target_metadata_exact.txt
39ff45786f831d5277c140236b95bf9b7d288475e91daacd84494162983b2a6b	7210	testdata/goal_runs/20260714_la_rp_direct_qkv_prefill_r1/resource_profile/profile_l4096_attention.py	performance_analysis/original/current_best/20260714_h11_5_l4096_reference_profile/profile_l4096_attention.py
771351f14b44b7552d2ba2420c5d4dbc00b6bbe2246b1921588d406eeaea352e	2359	testdata/goal_runs/20260714_la_rp_direct_qkv_prefill_r1/resource_profile/trace_h11_v2/harness_result.json	performance_analysis/original/current_best/20260714_h11_5_l4096_reference_profile/trace_h11_v2/harness_result.json
3f1e4a677459fc61fc3bed52abc506b8a656dd91fae6cdd084cd55dcaebb14ec	16707	testdata/goal_runs/20260714_la_rp_direct_qkv_prefill_r1/resource_profile/trace_h11_v2/results_trace_h11.csv	performance_analysis/original/current_best/20260714_h11_5_l4096_reference_profile/trace_h11_v2/results_trace_h11.csv
e3b0c44298fc1c149afbf4c8996fb92427ae41e4649b934ca495991b7852b855	0	testdata/goal_runs/20260714_la_rp_direct_qkv_prefill_r1/resource_profile/trace_h11_v2/rocprofv2.stderr.log	performance_analysis/original/current_best/20260714_h11_5_l4096_reference_profile/trace_h11_v2/rocprofv2.stderr.log
46de8cb86104b51d65ceb714e80024514c59c733237b015bc395a75c42261932	2181	testdata/goal_runs/20260714_la_rp_direct_qkv_prefill_r1/resource_profile/trace_h11_v2/rocprofv2.stdout.log	performance_analysis/original/current_best/20260714_h11_5_l4096_reference_profile/trace_h11_v2/rocprofv2.stdout.log
4a89a95ff643d2180b824ddc76befc7462442dd06aa188bd69fe4505a629b531	9026	testdata/goal_runs/20260712_h11_5_h10_8_final_evidence/CURRENT_BEST_WORST_REQUEST_FIXTURES.md	performance_analysis/original/current_best/final_identity/CURRENT_BEST_WORST_REQUEST_FIXTURES.md
42343af8ecc891ebcfd880851f044f81752f08bd9116be4de770f4e5170cd8b8	7652	testdata/goal_runs/20260712_h11_5_h10_8_final_evidence/FINAL_SUMMARY.md	performance_analysis/original/current_best/final_identity/FINAL_SUMMARY.md
89d0526e8a47ea5272adfed7079ab8e5cc64546cf63fdde881b2721f6626774e	91	testdata/goal_runs/20260712_h11_5_h10_8_final_evidence/final_identity_check.txt	performance_analysis/original/current_best/final_identity/final_identity_check.txt
4f53e4eb3b9501947cce4d4b4e84ab1848f828bbc4d5c78c265b2cad32b7ced0	203	testdata/goal_runs/20260712_h11_5_h10_8_final_evidence/wheel/final_wheel.sha256	performance_analysis/original/current_best/final_identity/final_wheel.sha256
6642ab36a4e4d4c3d7feb98dc21dd1621b58c1cb4a7554d40da3b34e96dc7650	193	testdata/goal_runs/20260712_h11_5_h10_8_final_evidence/wheel/final_wheel_stat.txt	performance_analysis/original/current_best/final_identity/final_wheel_stat.txt
74f9e502194869c37bf5553ce43b7970051236f5f20285ae9d25c88a127df049	21	testdata/goal_runs/20260712_h11_5_h10_8_final_evidence/finalization_utc.txt	performance_analysis/original/current_best/final_identity/finalization_utc.txt
53ad7416fce25df14c3b42093d2ebea99e8f9c36dc85522a62af443cbd859460	41	testdata/goal_runs/20260712_h11_5_h10_8_final_evidence/source/git_head.txt	performance_analysis/original/current_best/final_identity/git_head.txt
49b49f55fe58fcd9a0c3790963bc24166ca71802adca1abade2c0956299f86ea	841	testdata/goal_runs/20260712_h11_5_h10_8_final_evidence/runtime/rocm_native_extension_attestation.txt	performance_analysis/original/current_best/final_identity/rocm_native_extension_attestation.txt
0835ac0b978f03c4619279e8a04a0770658f595f2e8db7c8d85de74eb9d573f5	1628	testdata/optimization_env/README.md	shared_tooling/original/optimization_env/README.md
a5c5f79b6203700604af2b9aa32a8effaa8233e93461eeef37c45f49ae74e028	585	testdata/optimization_env/benchmark_matrix.tsv	shared_tooling/original/optimization_env/benchmark_matrix.tsv
c063e357b9c21115696592c44cc8ab38bc17fe8c969494a8a00781b48d2fdd69	388	testdata/optimization_env/env.example	shared_tooling/original/optimization_env/env.example
d308570e5aeed6ac341fe18338dd397fb0964e3d061f80485e12b5126132932e	727	testdata/optimization_env/manifests/run_manifest_template.json	shared_tooling/original/optimization_env/manifests/run_manifest_template.json
a4e7c5ade4bc3ee678ca5164c4e52cf6f8e18f79b6cff093d519b388e22843cf	1477	testdata/optimization_env/scripts/check_no_speculative.py	shared_tooling/original/optimization_env/scripts/check_no_speculative.py
a5c8135f88c4de7a19ed35e50fbbfc3434994bd6b5df27fe029c8686de9ca870	504	testdata/optimization_env/scripts/init_optimization_env.sh	shared_tooling/original/optimization_env/scripts/init_optimization_env.sh
1c02cdb8f71f5613fba66df40da242a05397a9d1224587352665050a0431cff8	2015	testdata/optimization_env/scripts/render_commands.sh	shared_tooling/original/optimization_env/scripts/render_commands.sh
754d3fa59a065df690a73e65d06e96b08d140fcfaaa9719dbcf35133293e1460	1731	testdata/optimization_env/scripts/summarize_benchmark_results.py	shared_tooling/original/optimization_env/scripts/summarize_benchmark_results.py
adf0cf91266745b37df916926c7d495ec79f00a11be653c219d1d5df4d93c681	2319	testdata/run_throughput.sh	shared_tooling/original/scripts/run_throughput.sh
7c3e8c5ecdf02109e02af8c3b5ba05050b26339c7f50869b5288eea359364fad	815	testdata/start_vllm.sh	shared_tooling/original/scripts/start_vllm.sh
