Dispatch_ID,GPU_ID,Queue_ID,Queue_Index,PID,TID,GRD,WGR,LDS,SCR,Arch_VGPR,ACCUM_VGPR,SGPR,Wave_Size,SIG,OBJ,Kernel_Name,Start_Timestamp,End_Timestamp,Correlation_ID

1,9,1,2,206397,206397,204800,256,0,0,48,0,48,64,139830583354496,1,"void at::native::(anonymous namespace)::distribution_elementwise_grid_stride_kernel<float, 4, void at::native::templates::cuda::normal_and_transform<c10::BFloat16, float, at::CUDAGeneratorImpl*, void at::native::templates::cuda::normal_kernel<at::CUDAGeneratorImpl*>(at::TensorBase const&, double, double, at::CUDAGeneratorImpl*)::'lambda'()::operator()() const::'lambda2'()::operator()() const::'lambda'(float)>(at::TensorIteratorBase&, at::CUDAGeneratorImpl*, void at::native::templates::cuda::normal_kernel<at::CUDAGeneratorImpl*>(at::TensorBase const&, double, double, at::CUDAGeneratorImpl*)::'lambda'()::operator()() const::'lambda2'()::operator()() const::'lambda'(float))::'lambda0'(hiprandStatePhilox4_32_10*), void at::native::(anonymous namespace)::distribution_nullary_kernel<c10::BFloat16, float, HIP_vector_type<float, 4u>, at::CUDAGeneratorImpl*, void at::native::templates::cuda::normal_and_transform<c10::BFloat16, float, at::CUDAGeneratorImpl*, void at::native::templates::cuda::normal_kernel<at::CUDAGeneratorImpl*>(at::TensorBase const&, double, double, at::CUDAGeneratorImpl*)::'lambda'()::operator()() const::'lambda2'()::operator()() const::'lambda'(float)>(at::TensorIteratorBase&, at::CUDAGeneratorImpl*, void at::native::templates::cuda::normal_kernel<at::CUDAGeneratorImpl*>(at::TensorBase const&, double, double, at::CUDAGeneratorImpl*)::'lambda'()::operator()() const::'lambda2'()::operator()() const::'lambda'(float))::'lambda0'(hiprandStatePhilox4_32_10*), void at::native::templates::cuda::normal_kernel<at::CUDAGeneratorImpl*>(at::TensorBase const&, double, double, at::CUDAGeneratorImpl*)::'lambda'()::operator()() const::'lambda2'()::operator()() const::'lambda'(float)>(at::TensorIteratorBase&, void at::native::templates::cuda::normal_kernel<at::CUDAGeneratorImpl*>(at::TensorBase const&, double, double, at::CUDAGeneratorImpl*)::'lambda'()::operator()() const::'lambda2'()::operator()() const::'lambda'(float), void at::native::templates::cuda::normal_and_transform<c10::BFloat16, float, at::CUDAGeneratorImpl*, void at::native::templates::cuda::normal_kernel<at::CUDAGeneratorImpl*>(at::TensorBase const&, double, double, at::CUDAGeneratorImpl*)::'lambda'()::operator()() const::'lambda2'()::operator()() const::'lambda'(float)>(at::TensorIteratorBase&, at::CUDAGeneratorImpl*, void at::native::templates::cuda::normal_kernel<at::CUDAGeneratorImpl*>(at::TensorBase const&, double, double, at::CUDAGeneratorImpl*)::'lambda'()::operator()() const::'lambda2'()::operator()() const::'lambda'(float))::'lambda0'(hiprandStatePhilox4_32_10*) const&, void at::native::templates::cuda::normal_kernel<at::CUDAGeneratorImpl*>(at::TensorBase const&, double, double, at::CUDAGeneratorImpl*)::'lambda'()::operator()() const::'lambda2'()::operator()() const::'lambda'(float))::'lambda'(int, float)>(long, at::PhiloxCudaState, at::CUDAGeneratorImpl*, void at::native::templates::cuda::normal_kernel<at::CUDAGeneratorImpl*>(at::TensorBase const&, double, double, at::CUDAGeneratorImpl*)::'lambda'()::operator()() const::'lambda2'()::operator()() const::'lambda'(float)) (.kd)",2989048442316197,2989048442618757,0
2,9,1,5,206397,206397,204800,256,0,0,48,0,48,64,139830583354240,2,"void at::native::(anonymous namespace)::distribution_elementwise_grid_stride_kernel<float, 4, void at::native::templates::cuda::normal_and_transform<c10::BFloat16, float, at::CUDAGeneratorImpl*, void at::native::templates::cuda::normal_kernel<at::CUDAGeneratorImpl*>(at::TensorBase const&, double, double, at::CUDAGeneratorImpl*)::'lambda'()::operator()() const::'lambda2'()::operator()() const::'lambda'(float)>(at::TensorIteratorBase&, at::CUDAGeneratorImpl*, void at::native::templates::cuda::normal_kernel<at::CUDAGeneratorImpl*>(at::TensorBase const&, double, double, at::CUDAGeneratorImpl*)::'lambda'()::operator()() const::'lambda2'()::operator()() const::'lambda'(float))::'lambda0'(hiprandStatePhilox4_32_10*), void at::native::(anonymous namespace)::distribution_nullary_kernel<c10::BFloat16, float, HIP_vector_type<float, 4u>, at::CUDAGeneratorImpl*, void at::native::templates::cuda::normal_and_transform<c10::BFloat16, float, at::CUDAGeneratorImpl*, void at::native::templates::cuda::normal_kernel<at::CUDAGeneratorImpl*>(at::TensorBase const&, double, double, at::CUDAGeneratorImpl*)::'lambda'()::operator()() const::'lambda2'()::operator()() const::'lambda'(float)>(at::TensorIteratorBase&, at::CUDAGeneratorImpl*, void at::native::templates::cuda::normal_kernel<at::CUDAGeneratorImpl*>(at::TensorBase const&, double, double, at::CUDAGeneratorImpl*)::'lambda'()::operator()() const::'lambda2'()::operator()() const::'lambda'(float))::'lambda0'(hiprandStatePhilox4_32_10*), void at::native::templates::cuda::normal_kernel<at::CUDAGeneratorImpl*>(at::TensorBase const&, double, double, at::CUDAGeneratorImpl*)::'lambda'()::operator()() const::'lambda2'()::operator()() const::'lambda'(float)>(at::TensorIteratorBase&, void at::native::templates::cuda::normal_kernel<at::CUDAGeneratorImpl*>(at::TensorBase const&, double, double, at::CUDAGeneratorImpl*)::'lambda'()::operator()() const::'lambda2'()::operator()() const::'lambda'(float), void at::native::templates::cuda::normal_and_transform<c10::BFloat16, float, at::CUDAGeneratorImpl*, void at::native::templates::cuda::normal_kernel<at::CUDAGeneratorImpl*>(at::TensorBase const&, double, double, at::CUDAGeneratorImpl*)::'lambda'()::operator()() const::'lambda2'()::operator()() const::'lambda'(float)>(at::TensorIteratorBase&, at::CUDAGeneratorImpl*, void at::native::templates::cuda::normal_kernel<at::CUDAGeneratorImpl*>(at::TensorBase const&, double, double, at::CUDAGeneratorImpl*)::'lambda'()::operator()() const::'lambda2'()::operator()() const::'lambda'(float))::'lambda0'(hiprandStatePhilox4_32_10*) const&, void at::native::templates::cuda::normal_kernel<at::CUDAGeneratorImpl*>(at::TensorBase const&, double, double, at::CUDAGeneratorImpl*)::'lambda'()::operator()() const::'lambda2'()::operator()() const::'lambda'(float))::'lambda'(int, float)>(long, at::PhiloxCudaState, at::CUDAGeneratorImpl*, void at::native::templates::cuda::normal_kernel<at::CUDAGeneratorImpl*>(at::TensorBase const&, double, double, at::CUDAGeneratorImpl*)::'lambda'()::operator()() const::'lambda2'()::operator()() const::'lambda'(float)) (.kd)",2989048442729635,2989048442790435,0
3,9,1,8,206397,206397,204800,256,0,0,48,0,48,64,139830583354112,3,"void at::native::(anonymous namespace)::distribution_elementwise_grid_stride_kernel<float, 4, void at::native::templates::cuda::normal_and_transform<c10::BFloat16, float, at::CUDAGeneratorImpl*, void at::native::templates::cuda::normal_kernel<at::CUDAGeneratorImpl*>(at::TensorBase const&, double, double, at::CUDAGeneratorImpl*)::'lambda'()::operator()() const::'lambda2'()::operator()() const::'lambda'(float)>(at::TensorIteratorBase&, at::CUDAGeneratorImpl*, void at::native::templates::cuda::normal_kernel<at::CUDAGeneratorImpl*>(at::TensorBase const&, double, double, at::CUDAGeneratorImpl*)::'lambda'()::operator()() const::'lambda2'()::operator()() const::'lambda'(float))::'lambda0'(hiprandStatePhilox4_32_10*), void at::native::(anonymous namespace)::distribution_nullary_kernel<c10::BFloat16, float, HIP_vector_type<float, 4u>, at::CUDAGeneratorImpl*, void at::native::templates::cuda::normal_and_transform<c10::BFloat16, float, at::CUDAGeneratorImpl*, void at::native::templates::cuda::normal_kernel<at::CUDAGeneratorImpl*>(at::TensorBase const&, double, double, at::CUDAGeneratorImpl*)::'lambda'()::operator()() const::'lambda2'()::operator()() const::'lambda'(float)>(at::TensorIteratorBase&, at::CUDAGeneratorImpl*, void at::native::templates::cuda::normal_kernel<at::CUDAGeneratorImpl*>(at::TensorBase const&, double, double, at::CUDAGeneratorImpl*)::'lambda'()::operator()() const::'lambda2'()::operator()() const::'lambda'(float))::'lambda0'(hiprandStatePhilox4_32_10*), void at::native::templates::cuda::normal_kernel<at::CUDAGeneratorImpl*>(at::TensorBase const&, double, double, at::CUDAGeneratorImpl*)::'lambda'()::operator()() const::'lambda2'()::operator()() const::'lambda'(float)>(at::TensorIteratorBase&, void at::native::templates::cuda::normal_kernel<at::CUDAGeneratorImpl*>(at::TensorBase const&, double, double, at::CUDAGeneratorImpl*)::'lambda'()::operator()() const::'lambda2'()::operator()() const::'lambda'(float), void at::native::templates::cuda::normal_and_transform<c10::BFloat16, float, at::CUDAGeneratorImpl*, void at::native::templates::cuda::normal_kernel<at::CUDAGeneratorImpl*>(at::TensorBase const&, double, double, at::CUDAGeneratorImpl*)::'lambda'()::operator()() const::'lambda2'()::operator()() const::'lambda'(float)>(at::TensorIteratorBase&, at::CUDAGeneratorImpl*, void at::native::templates::cuda::normal_kernel<at::CUDAGeneratorImpl*>(at::TensorBase const&, double, double, at::CUDAGeneratorImpl*)::'lambda'()::operator()() const::'lambda2'()::operator()() const::'lambda'(float))::'lambda0'(hiprandStatePhilox4_32_10*) const&, void at::native::templates::cuda::normal_kernel<at::CUDAGeneratorImpl*>(at::TensorBase const&, double, double, at::CUDAGeneratorImpl*)::'lambda'()::operator()() const::'lambda2'()::operator()() const::'lambda'(float))::'lambda'(int, float)>(long, at::PhiloxCudaState, at::CUDAGeneratorImpl*, void at::native::templates::cuda::normal_kernel<at::CUDAGeneratorImpl*>(at::TensorBase const&, double, double, at::CUDAGeneratorImpl*)::'lambda'()::operator()() const::'lambda2'()::operator()() const::'lambda'(float)) (.kd)",2989048443126755,2989048443810275,0
4,9,1,17,206397,206397,524288,128,0,0,28,0,64,64,139830583354368,4,"void at::native::elementwise_kernel_manual_unroll<128, 8, void at::native::gpu_kernel_impl_nocast<at::native::direct_copy_kernel_cuda(at::TensorIteratorBase&)::'lambda1'()::operator()() const::'lambda10'()::operator()() const::'lambda'(c10::BFloat16)>(at::TensorIteratorBase&, at::native::direct_copy_kernel_cuda(at::TensorIteratorBase&)::'lambda1'()::operator()() const::'lambda10'()::operator()() const::'lambda'(c10::BFloat16) const&)::'lambda'(int, bool)>(int, void at::native::gpu_kernel_impl_nocast<at::native::direct_copy_kernel_cuda(at::TensorIteratorBase&)::'lambda1'()::operator()() const::'lambda10'()::operator()() const::'lambda'(c10::BFloat16)>(at::TensorIteratorBase&, at::native::direct_copy_kernel_cuda(at::TensorIteratorBase&)::'lambda1'()::operator()() const::'lambda10'()::operator()() const::'lambda'(c10::BFloat16) const&)::'lambda'(int, bool)) (.kd)",2989048452313951,2989048452339231,0
5,9,1,20,206397,206397,128,128,0,0,4,0,16,64,139830583353984,5,"void (anonymous namespace)::elementwise_kernel_with_index<int, at::native::arange_cuda_out(c10::Scalar const&, c10::Scalar const&, c10::Scalar const&, at::Tensor&)::'lambda'()::operator()() const::'lambda1'()::operator()() const::'lambda'(long)>(int, at::native::arange_cuda_out(c10::Scalar const&, c10::Scalar const&, c10::Scalar const&, at::Tensor&)::'lambda'()::operator()() const::'lambda1'()::operator()() const::'lambda'(long), function_traits<at::native::arange_cuda_out(c10::Scalar const&, c10::Scalar const&, c10::Scalar const&, at::Tensor&)::'lambda'()::operator()() const::'lambda1'()::operator()() const::'lambda'(long)>::result_type*) (.kd)",2989048455746429,2989048455749469,0
6,9,1,21,206397,206397,256,256,0,0,8,0,16,64,139830583353856,6,"void at::native::vectorized_elementwise_kernel<4, at::native::FillFunctor<float>, std::array<char*, 1ul>>(int, at::native::FillFunctor<float>, std::array<char*, 1ul>) (.kd)",2989048460442267,2989048460445467,0
7,9,1,22,206397,206397,396288,256,32768,0,216,0,96,64,139830583353728,7,"kernel_unified_attention_2d_gqa6.kd",2989050168448353,2989050173108031,0
8,9,1,23,206397,206397,396288,256,32768,0,216,0,96,64,139830583353472,8,"kernel_unified_attention_2d_gqa6.kd",2989050173114911,2989050177545468,0
9,9,1,24,206397,206397,396288,256,32768,0,216,0,96,64,139830583353216,9,"kernel_unified_attention_2d_gqa6.kd",2989050177552348,2989050181966426,0
10,9,1,25,206397,206397,396288,256,32768,0,216,0,96,64,139830583352960,10,"kernel_unified_attention_2d_gqa6.kd",2989050181973306,2989050186460824,0
11,9,1,26,206397,206397,396288,256,32768,0,216,0,96,64,139830583352704,11,"kernel_unified_attention_2d_gqa6.kd",2989050186467704,2989050190974902,0
12,9,1,29,206397,206397,396288,256,32768,0,216,0,96,64,139830583352576,12,"kernel_unified_attention_2d_gqa6.kd",2989050191333302,2989050195838420,0
13,9,1,32,206397,206397,396288,256,32768,0,216,0,96,64,139830583352832,13,"kernel_unified_attention_2d_gqa6.kd",2989050196137139,2989050200645777,0
14,9,1,35,206397,206397,396288,256,32768,0,216,0,96,64,139830583353088,14,"kernel_unified_attention_2d_gqa6.kd",2989050200936977,2989050205411375,0
15,9,1,38,206397,206397,396288,256,32768,0,216,0,96,64,139830583353344,15,"kernel_unified_attention_2d_gqa6.kd",2989050205699695,2989050210167053,0
16,9,1,41,206397,206397,396288,256,32768,0,216,0,96,64,139830583353600,16,"kernel_unified_attention_2d_gqa6.kd",2989050210456333,2989050214943051,0
17,9,1,44,206397,206397,396288,256,32768,0,216,0,96,64,139830583352448,17,"kernel_unified_attention_2d_gqa6.kd",2989050215237611,2989050219709769,0
18,9,1,47,206397,206397,396288,256,32768,0,216,0,96,64,139830583352320,18,"kernel_unified_attention_2d_gqa6.kd",2989050219994569,2989050224488647,0
19,9,1,50,206397,206397,396288,256,32768,0,216,0,96,64,139830583352192,19,"kernel_unified_attention_2d_gqa6.kd",2989050224776327,2989050229222405,0
20,9,1,53,206397,206397,396288,256,32768,0,216,0,96,64,139830583352064,20,"kernel_unified_attention_2d_gqa6.kd",2989050229517285,2989050233994563,0
21,9,1,56,206397,206397,396288,256,32768,0,216,0,96,64,139830583351936,21,"kernel_unified_attention_2d_gqa6.kd",2989050234297431,2989050238782230,0
22,9,1,59,206397,206397,396288,256,32768,0,216,0,96,64,139830583351808,22,"kernel_unified_attention_2d_gqa6.kd",2989050239076308,2989050243534707,0
23,9,1,62,206397,206397,396288,256,32768,0,216,0,96,64,139830583351680,23,"kernel_unified_attention_2d_gqa6.kd",2989050243835506,2989050248306865,0
24,9,1,65,206397,206397,396288,256,32768,0,216,0,96,64,139830583351552,24,"kernel_unified_attention_2d_gqa6.kd",2989050248603825,2989050253076783,0
25,9,1,68,206397,206397,396288,256,32768,0,216,0,96,64,139830583351424,25,"kernel_unified_attention_2d_gqa6.kd",2989050253382703,2989050257812941,0
26,9,1,71,206397,206397,396288,256,32768,0,216,0,96,64,139830583351296,26,"kernel_unified_attention_2d_gqa6.kd",2989050258112301,2989050262533739,0
27,9,1,74,206397,206397,396288,256,32768,0,216,0,96,64,139830583351168,27,"kernel_unified_attention_2d_gqa6.kd",2989050262854859,2989050267378697,0
28,9,1,77,206397,206397,396288,256,32768,0,216,0,96,64,139830583351040,28,"kernel_unified_attention_2d_gqa6.kd",2989050267673257,2989050272093735,0
29,9,1,80,206397,206397,396288,256,32768,0,216,0,96,64,139830583350912,29,"kernel_unified_attention_2d_gqa6.kd",2989050272393255,2989050276831333,0
30,9,1,83,206397,206397,396288,256,32768,0,216,0,96,64,139830583350784,30,"kernel_unified_attention_2d_gqa6.kd",2989050277127173,2989050281630691,0
31,9,1,86,206397,206397,396288,256,32768,0,216,0,96,64,139830583350656,31,"kernel_unified_attention_2d_gqa6.kd",2989050281928131,2989050286356609,0
32,9,1,90,206397,206397,3145728,256,0,0,16,0,16,64,139830583350528,32,"void at::native::vectorized_elementwise_kernel<4, at::native::bfloat16tofloat32_copy_kernel_cuda(at::TensorIteratorBase&)::'lambda'(c10::BFloat16), std::array<char*, 2ul>>(int, at::native::bfloat16tofloat32_copy_kernel_cuda(at::TensorIteratorBase&)::'lambda'(c10::BFloat16), std::array<char*, 2ul>) (.kd)",2989050287000289,2989050287121409,0
33,9,1,93,206397,206397,6291456,256,0,0,8,0,16,64,139830583350400,33,"void at::native::vectorized_elementwise_kernel<4, at::native::AbsFunctor<float>, std::array<char*, 2ul>>(int, at::native::AbsFunctor<float>, std::array<char*, 2ul>) (.kd)",2989050291273727,2989050291422527,0
34,9,1,95,206397,206397,81920,512,2560,48,28,0,80,64,139830583350272,34,"void at::native::reduce_kernel<512, 1, at::native::ReduceOp<float, at::native::func_wrapper_t<float, at::native::sum_functor<float, float, float>::operator()(at::TensorIterator&)::'lambda'(float, float)>, unsigned int, float, 4, 4>>(at::native::ReduceOp<float, at::native::func_wrapper_t<float, at::native::sum_functor<float, float, float>::operator()(at::TensorIterator&)::'lambda'(float, float)>, unsigned int, float, 4, 4>) (.kd)",2989050295699646,2989050295780285,0
